{"stats":{"minecraft:broken":{"minecraft:wooden_pickaxe":1,"minecraft:stone_pickaxe":6,"minecraft:iron_pickaxe":5},"minecraft:mined":{"minecraft:tuff":9,"minecraft:white_bed":2,"minecraft:cherry_log":44,"minecraft:glow_lichen":3,"minecraft:granite":45,"minecraft:budding_amethyst":7,"minecraft:grass_block":214,"minecraft:white_concrete_powder":4,"minecraft:magma_block":8,"minecraft:redstone_ore":4,"minecraft:furnace":2,"minecraft:iron_ore":60,"minecraft:andesite":95,"minecraft:deepslate_lapis_ore":2,"minecraft:pointed_dripstone":9,"minecraft:deepslate_iron_ore":8,"minecraft:dirt_path":24,"minecraft:stone":1098,"minecraft:cherry_stairs":3,"minecraft:smithing_table":1,"minecraft:deepslate_redstone_ore":7,"minecraft:medium_amethyst_bud":1,"minecraft:torch":10,"minecraft:short_grass":19,"minecraft:emerald_ore":2,"minecraft:calcite":27,"minecraft:tall_grass":7,"minecraft:copper_ore":9,"minecraft:cobblestone":20,"minecraft:deepslate_coal_ore":2,"minecraft:lapis_ore":5,"minecraft:deepslate_gold_ore":11,"minecraft:diorite":100,"minecraft:wall_torch":37,"minecraft:amethyst_block":42,"minecraft:cherry_slab":6,"minecraft:pink_petals":23,"minecraft:bee_nest":1,"minecraft:coal_ore":143,"minecraft:cherry_leaves":2,"minecraft:dripstone_block":3,"minecraft:gravel":36,"minecraft:sand":89,"minecraft:dirt":338,"minecraft:smooth_basalt":10,"minecraft:deepslate":138},"minecraft:dropped":{"minecraft:iron_ingot":1,"minecraft:short_grass":5,"minecraft:cherry_log":1,"minecraft:cooked_porkchop":5,"minecraft:iron_pickaxe":4,"minecraft:pink_petals":4},"minecraft:killed_by":{"minecraft:creeper":1,"minecraft:zombie":1},"minecraft:killed":{"minecraft:spider":3,"minecraft:skeleton":4,"minecraft:horse":1,"minecraft:chicken":4,"minecraft:wolf":1,"minecraft:pig":5,"minecraft:rabbit":1,"minecraft:bat":1,"minecraft:sheep":2,"minecraft:zombie":4},"minecraft:used":{"minecraft:stone_sword":99,"minecraft:white_concrete_powder":34,"minecraft:chest":2,"minecraft:iron_sword":22,"minecraft:cooked_chicken":4,"minecraft:torch":107,"minecraft:dirt":419,"minecraft:wooden_axe":16,"minecraft:lava_bucket":1,"minecraft:cherry_slab":15,"minecraft:furnace":3,"minecraft:cobbled_deepslate":1,"minecraft:calcite":5,"minecraft:cooked_mutton":3,"minecraft:water_bucket":12,"minecraft:diorite":40,"minecraft:stone_pickaxe":866,"minecraft:wooden_pickaxe":59,"minecraft:crafting_table":1,"minecraft:white_bed":2,"minecraft:shears":6,"minecraft:cherry_door":2,"minecraft:iron_pickaxe":1374,"minecraft:gravel":3,"minecraft:pink_petals":52,"minecraft:wooden_sword":7,"minecraft:cobblestone":116,"minecraft:cherry_stairs":5,"minecraft:cooked_porkchop":7,"minecraft:cooked_rabbit":1,"minecraft:smithing_table":2,"minecraft:andesite":94,"minecraft:bucket":13},"minecraft:custom":{"minecraft:interact_with_smithing_table":7,"minecraft:mob_kills":27,"minecraft:interact_with_crafting_table":58,"minecraft:leave_game":6,"minecraft:time_since_death":155230,"minecraft:sprint_one_cm":19054,"minecraft:walk_one_cm":1454952,"minecraft:drop":20,"minecraft:play_time":383337,"minecraft:deaths":4,"minecraft:sneak_time":120,"minecraft:walk_under_water_one_cm":29782,"minecraft:jump":2854,"minecraft:walk_on_water_one_cm":32851,"minecraft:total_world_time":383337,"minecraft:interact_with_furnace":28,"minecraft:interact_with_cartography_table":1,"minecraft:sleep_in_bed":10,"minecraft:time_since_rest":749,"minecraft:damage_taken":2369,"minecraft:damage_dealt":3382,"minecraft:swim_one_cm":1259,"minecraft:fly_one_cm":8497,"minecraft:open_chest":63,"minecraft:crouch_one_cm":540,"minecraft:fall_one_cm":38427},"minecraft:picked_up":{"minecraft:iron_chestplate":2,"minecraft:chicken":4,"minecraft:smithing_table":1,"minecraft:amethyst_block":40,"minecraft:string":2,"minecraft:raw_copper":26,"minecraft:cobbled_deepslate":139,"minecraft:calcite":25,"minecraft:iron_pickaxe":8,"minecraft:light_gray_wool":1,"minecraft:furnace":2,"minecraft:iron_boots":3,"minecraft:egg":1,"minecraft:stick":21,"minecraft:raw_iron":69,"minecraft:cherry_stairs":3,"minecraft:torch":159,"minecraft:porkchop":11,"minecraft:cherry_log":47,"minecraft:pointed_dripstone":12,"minecraft:diorite":86,"minecraft:redstone":58,"minecraft:rotten_flesh":5,"minecraft:stone_sword":2,"minecraft:arrow":7,"minecraft:shears":2,"minecraft:mutton":3,"minecraft:white_wool":2,"minecraft:cobblestone":1110,"minecraft:pink_petals":171,"minecraft:magma_block":8,"minecraft:feather":6,"minecraft:andesite":95,"minecraft:flint":5,"minecraft:tuff":63,"minecraft:cherry_door":1,"minecraft:lapis_lazuli":103,"minecraft:dirt":571,"minecraft:white_banner":2,"minecraft:glass":39,"minecraft:bone":16,"minecraft:wheat_seeds":2,"minecraft:raw_gold":13,"minecraft:iron_ingot":14,"minecraft:rabbit":1,"minecraft:iron_sword":3,"minecraft:smooth_basalt":9,"minecraft:cooked_porkchop":6,"minecraft:dripstone_block":2,"minecraft:gravel":38,"minecraft:sand":86,"minecraft:amethyst_shard":18,"minecraft:white_bed":2,"minecraft:white_concrete_powder":4,"minecraft:diamond":3,"minecraft:short_grass":5,"minecraft:granite":45,"minecraft:bone_meal":29,"minecraft:gray_wool":1,"minecraft:emerald":4,"minecraft:cherry_slab":7,"minecraft:coal":196},"minecraft:crafted":{"minecraft:cherry_planks":124,"minecraft:wooden_sword":1,"minecraft:cherry_wood":3,"minecraft:cherry_slab":12,"minecraft:cooked_chicken":4,"minecraft:furnace":1,"minecraft:bone_meal":39,"minecraft:cooked_mutton":3,"minecraft:glass":8,"minecraft:white_concrete_powder":168,"minecraft:iron_boots":1,"minecraft:iron_axe":1,"minecraft:cherry_stairs":4,"minecraft:stone_pickaxe":7,"minecraft:chest":2,"minecraft:cooked_rabbit":1,"minecraft:cooked_porkchop":11,"minecraft:crafting_table":1,"minecraft:wooden_pickaxe":2,"minecraft:iron_sword":1,"minecraft:smithing_table":1,"minecraft:copper_ingot":6,"minecraft:bucket":2,"minecraft:iron_chestplate":1,"minecraft:diamond_pickaxe":1,"minecraft:white_dye":29,"minecraft:stick":88,"minecraft:iron_ingot":57,"minecraft:iron_pickaxe":9,"minecraft:wooden_axe":2,"minecraft:stone_sword":1,"minecraft:cherry_door":2,"minecraft:gold_ingot":13,"minecraft:torch":48,"minecraft:shears":1}},"DataVersion":3700}