{"stats":{"minecraft:used":{"minecraft:stone_sword":99,"minecraft:white_concrete_powder":135,"minecraft:chest":2,"minecraft:iron_sword":29,"minecraft:rotten_flesh":1,"minecraft:cooked_chicken":4,"minecraft:netherrack":2,"minecraft:torch":144,"minecraft:dirt":468,"minecraft:wooden_axe":16,"minecraft:lava_bucket":1,"minecraft:iron_axe":2,"minecraft:cherry_slab":15,"minecraft:furnace":3,"minecraft:potato":1,"minecraft:cobbled_deepslate":1,"minecraft:calcite":5,"minecraft:cooked_mutton":3,"minecraft:water_bucket":35,"minecraft:diorite":40,"minecraft:stone_pickaxe":928,"minecraft:baked_potato":10,"minecraft:wooden_pickaxe":59,"minecraft:crafting_table":1,"minecraft:white_bed":2,"minecraft:shears":6,"minecraft:diamond_pickaxe":763,"minecraft:apple":2,"minecraft:cherry_door":2,"minecraft:iron_pickaxe":1374,"minecraft:gravel":3,"minecraft:pink_petals":52,"minecraft:wooden_sword":7,"minecraft:cobblestone":116,"minecraft:cherry_stairs":5,"minecraft:cooked_porkchop":8,"minecraft:cooked_rabbit":1,"minecraft:smithing_table":2,"minecraft:andesite":298,"minecraft:bucket":37,"minecraft:white_concrete":64},"minecraft:mined":{"minecraft:tuff":9,"minecraft:white_bed":2,"minecraft:cherry_log":44,"minecraft:glow_lichen":4,"minecraft:granite":45,"minecraft:budding_amethyst":7,"minecraft:grass_block":232,"minecraft:white_concrete":53,"minecraft:white_concrete_powder":7,"minecraft:magma_block":8,"minecraft:redstone_ore":4,"minecraft:furnace":2,"minecraft:iron_ore":60,"minecraft:andesite":429,"minecraft:deepslate_lapis_ore":2,"minecraft:pointed_dripstone":13,"minecraft:deepslate_iron_ore":8,"minecraft:dirt_path":24,"minecraft:stone":1380,"minecraft:cherry_stairs":3,"minecraft:smithing_table":1,"minecraft:deepslate_redstone_ore":7,"minecraft:medium_amethyst_bud":1,"minecraft:torch":16,"minecraft:short_grass":19,"minecraft:emerald_ore":2,"minecraft:calcite":27,"minecraft:tall_grass":7,"minecraft:copper_ore":9,"minecraft:cobblestone":22,"minecraft:deepslate_coal_ore":2,"minecraft:lapis_ore":5,"minecraft:deepslate_gold_ore":11,"minecraft:diorite":100,"minecraft:wall_torch":41,"minecraft:amethyst_block":42,"minecraft:cherry_slab":6,"minecraft:pink_petals":26,"minecraft:bee_nest":1,"minecraft:oak_log":5,"minecraft:coal_ore":184,"minecraft:cherry_leaves":2,"minecraft:dripstone_block":10,"minecraft:gravel":36,"minecraft:sand":89,"minecraft:dirt":383,"minecraft:smooth_basalt":10,"minecraft:netherrack":6,"minecraft:oak_leaves":2,"minecraft:deepslate":138},"minecraft:broken":{"minecraft:wooden_pickaxe":1,"minecraft:stone_pickaxe":7,"minecraft:iron_pickaxe":5},"minecraft:killed":{"minecraft:spider":3,"minecraft:skeleton":5,"minecraft:horse":1,"minecraft:chicken":5,"minecraft:wolf":1,"minecraft:pig":5,"minecraft:rabbit":1,"minecraft:bat":1,"minecraft:squid":1,"minecraft:sheep":2,"minecraft:zombie":7},"minecraft:crafted":{"minecraft:cherry_planks":124,"minecraft:wooden_sword":1,"minecraft:cherry_wood":3,"minecraft:cherry_slab":12,"minecraft:cooked_chicken":4,"minecraft:furnace":1,"minecraft:bone_meal":39,"minecraft:cooked_mutton":3,"minecraft:glass":8,"minecraft:white_concrete_powder":168,"minecraft:iron_boots":1,"minecraft:iron_axe":1,"minecraft:cherry_stairs":4,"minecraft:stone_pickaxe":7,"minecraft:chest":2,"minecraft:cooked_rabbit":1,"minecraft:cooked_porkchop":11,"minecraft:crafting_table":1,"minecraft:wooden_pickaxe":2,"minecraft:iron_sword":1,"minecraft:smithing_table":1,"minecraft:copper_ingot":6,"minecraft:bucket":2,"minecraft:iron_chestplate":1,"minecraft:diamond_pickaxe":1,"minecraft:white_dye":29,"minecraft:stick":88,"minecraft:iron_ingot":57,"minecraft:iron_pickaxe":9,"minecraft:wooden_axe":2,"minecraft:stone_sword":1,"minecraft:cherry_door":2,"minecraft:gold_ingot":13,"minecraft:torch":48,"minecraft:shears":1},"minecraft:custom":{"minecraft:interact_with_smithing_table":7,"minecraft:mob_kills":33,"minecraft:interact_with_crafting_table":58,"minecraft:open_barrel":1,"minecraft:leave_game":8,"minecraft:time_since_death":13359,"minecraft:sprint_one_cm":81613,"minecraft:walk_one_cm":1861828,"minecraft:drop":35,"minecraft:play_time":478275,"minecraft:deaths":5,"minecraft:sneak_time":194,"minecraft:walk_under_water_one_cm":36707,"minecraft:jump":3512,"minecraft:walk_on_water_one_cm":52099,"minecraft:total_world_time":478275,"minecraft:interact_with_furnace":28,"minecraft:interact_with_cartography_table":1,"minecraft:sleep_in_bed":10,"minecraft:time_since_rest":13409,"minecraft:damage_taken":3352,"minecraft:damage_dealt":4539,"minecraft:swim_one_cm":1259,"minecraft:fly_one_cm":21765,"minecraft:open_chest":101,"minecraft:crouch_one_cm":938,"minecraft:fall_one_cm":58862},"minecraft:dropped":{"minecraft:water_bucket":1,"minecraft:iron_ingot":1,"minecraft:short_grass":5,"minecraft:cherry_log":1,"minecraft:cooked_porkchop":5,"minecraft:cobblestone":484,"minecraft:iron_pickaxe":4,"minecraft:pink_petals":4,"minecraft:andesite":19},"minecraft:killed_by":{"minecraft:creeper":1,"minecraft:zombie":1},"minecraft:picked_up":{"minecraft:iron_chestplate":2,"minecraft:chicken":5,"minecraft:smithing_table":1,"minecraft:amethyst_block":40,"minecraft:string":2,"minecraft:raw_copper":26,"minecraft:cobbled_deepslate":139,"minecraft:calcite":25,"minecraft:iron_pickaxe":8,"minecraft:light_gray_wool":1,"minecraft:furnace":2,"minecraft:iron_boots":3,"minecraft:egg":2,"minecraft:stick":21,"minecraft:raw_iron":69,"minecraft:cherry_stairs":3,"minecraft:torch":183,"minecraft:porkchop":11,"minecraft:cherry_log":47,"minecraft:pointed_dripstone":20,"minecraft:diorite":86,"minecraft:redstone":58,"minecraft:rotten_flesh":7,"minecraft:stone_sword":2,"minecraft:arrow":8,"minecraft:shears":2,"minecraft:mutton":3,"minecraft:white_wool":2,"minecraft:cobblestone":1525,"minecraft:pink_petals":223,"minecraft:magma_block":8,"minecraft:feather":8,"minecraft:water_bucket":2,"minecraft:andesite":442,"minecraft:potato":24,"minecraft:flint":5,"minecraft:tuff":63,"minecraft:oak_log":5,"minecraft:lapis_lazuli":103,"minecraft:cherry_door":1,"minecraft:dirt":658,"minecraft:white_banner":2,"minecraft:glass":39,"minecraft:bone":18,"minecraft:wheat_seeds":4,"minecraft:raw_gold":13,"minecraft:iron_ingot":14,"minecraft:rabbit":1,"minecraft:iron_sword":3,"minecraft:smooth_basalt":9,"minecraft:cooked_porkchop":6,"minecraft:dripstone_block":9,"minecraft:gravel":38,"minecraft:sand":86,"minecraft:amethyst_shard":18,"minecraft:ink_sac":3,"minecraft:white_bed":2,"minecraft:white_concrete_powder":7,"minecraft:diamond":11,"minecraft:short_grass":5,"minecraft:granite":45,"minecraft:bone_meal":29,"minecraft:gray_wool":1,"minecraft:white_concrete":77,"minecraft:emerald":4,"minecraft:cherry_slab":7,"minecraft:netherrack":6,"minecraft:coal":237}},"DataVersion":3700}