{"stats":{"minecraft:mined":{"minecraft:white_bed":2,"minecraft:cherry_log":24,"minecraft:glow_lichen":1,"minecraft:torch":2,"minecraft:granite":27,"minecraft:short_grass":1,"minecraft:grass_block":34,"minecraft:copper_ore":7,"minecraft:cobblestone":4,"minecraft:diorite":36,"minecraft:wall_torch":13,"minecraft:cherry_slab":6,"minecraft:pink_petals":15,"minecraft:furnace":1,"minecraft:iron_ore":43,"minecraft:andesite":77,"minecraft:coal_ore":69,"minecraft:dirt_path":7,"minecraft:gravel":25,"minecraft:dirt":24,"minecraft:stone":691,"minecraft:cherry_stairs":3,"minecraft:deepslate":2},"minecraft:used":{"minecraft:diorite":20,"minecraft:stone_pickaxe":662,"minecraft:chest":1,"minecraft:wooden_pickaxe":59,"minecraft:iron_sword":3,"minecraft:torch":31,"minecraft:dirt":38,"minecraft:crafting_table":1,"minecraft:white_bed":2,"minecraft:wooden_axe":3,"minecraft:cherry_door":2,"minecraft:cherry_slab":15,"minecraft:iron_pickaxe":306,"minecraft:pink_petals":52,"minecraft:wooden_sword":7,"minecraft:cobblestone":65,"minecraft:cherry_stairs":5,"minecraft:furnace":2,"minecraft:smithing_table":1,"minecraft:cobbled_deepslate":1},"minecraft:killed":{"minecraft:spider":1,"minecraft:sheep":1},"minecraft:broken":{"minecraft:stone_pickaxe":5,"minecraft:iron_pickaxe":1,"minecraft:wooden_pickaxe":1},"minecraft:crafted":{"minecraft:cherry_planks":76,"minecraft:wooden_sword":1,"minecraft:cherry_wood":3,"minecraft:crafting_table":1,"minecraft:cherry_slab":12,"minecraft:wooden_pickaxe":1,"minecraft:iron_sword":1,"minecraft:smithing_table":1,"minecraft:furnace":1,"minecraft:copper_ingot":6,"minecraft:iron_boots":1,"minecraft:stick":32,"minecraft:iron_ingot":22,"minecraft:cherry_stairs":4,"minecraft:iron_pickaxe":4,"minecraft:stone_pickaxe":5,"minecraft:wooden_axe":1,"minecraft:stone_sword":1,"minecraft:chest":1,"minecraft:cherry_door":2,"minecraft:torch":16,"minecraft:shears":1},"minecraft:custom":{"minecraft:interact_with_smithing_table":2,"minecraft:interact_with_furnace":5,"minecraft:mob_kills":2,"minecraft:interact_with_crafting_table":17,"minecraft:leave_game":4,"minecraft:time_since_death":114773,"minecraft:sleep_in_bed":4,"minecraft:time_since_rest":26922,"minecraft:sprint_one_cm":905,"minecraft:damage_taken":196,"minecraft:walk_one_cm":332008,"minecraft:drop":1,"minecraft:damage_dealt":241,"minecraft:swim_one_cm":956,"minecraft:fly_one_cm":194,"minecraft:open_chest":11,"minecraft:play_time":114773,"minecraft:walk_under_water_one_cm":7677,"minecraft:jump":781,"minecraft:walk_on_water_one_cm":8761,"minecraft:total_world_time":114773,"minecraft:fall_one_cm":6514},"minecraft:dropped":{"minecraft:cherry_log":1},"minecraft:picked_up":{"minecraft:pink_petals":54,"minecraft:andesite":77,"minecraft:flint":1,"minecraft:string":1,"minecraft:dirt":64,"minecraft:raw_copper":19,"minecraft:glass":33,"minecraft:cobbled_deepslate":2,"minecraft:furnace":1,"minecraft:raw_iron":43,"minecraft:cherry_stairs":3,"minecraft:torch":19,"minecraft:gravel":24,"minecraft:cherry_log":24,"minecraft:diorite":36,"minecraft:white_bed":2,"minecraft:granite":27,"minecraft:gray_wool":1,"minecraft:cherry_slab":7,"minecraft:mutton":1,"minecraft:coal":69,"minecraft:cobblestone":695}},"DataVersion":3700}