{"stats":{"minecraft:used":{"minecraft:stone_sword":209,"minecraft:iron_shovel":506,"minecraft:polished_deepslate":5,"minecraft:chiseled_deepslate":7,"minecraft:flint_and_steel":40,"minecraft:stone_shovel":655,"minecraft:ladder":56,"minecraft:chest":8,"minecraft:shield":115,"minecraft:iron_sword":248,"minecraft:soul_campfire":1,"minecraft:rotten_flesh":70,"minecraft:stone_hoe":379,"minecraft:netherrack":76,"minecraft:iron_chestplate":1,"minecraft:torch":206,"minecraft:soul_sand":2,"minecraft:dirt":1325,"minecraft:spyglass":30,"minecraft:salmon_bucket":3,"minecraft:deepslate_tile_slab":154,"minecraft:tuff":3,"minecraft:weeping_vines":2,"minecraft:milk_bucket":1,"minecraft:shroomlight":3,"minecraft:lava_bucket":11,"minecraft:iron_helmet":1,"minecraft:iron_boots":1,"minecraft:crimson_roots":13,"minecraft:smooth_basalt":1,"minecraft:bow":33,"minecraft:furnace":7,"minecraft:minecart":1,"minecraft:potato":22,"minecraft:cobbled_deepslate":4,"minecraft:iron_leggings":1,"minecraft:calcite":12,"minecraft:wheat_seeds":661,"minecraft:water_bucket":18,"minecraft:diorite":18,"minecraft:baked_potato":24,"minecraft:oak_planks":2,"minecraft:stone_pickaxe":903,"minecraft:blackstone":4,"minecraft:wooden_pickaxe":3,"minecraft:glow_ink_sac":2,"minecraft:stonecutter":1,"minecraft:polished_deepslate_slab":48,"minecraft:crafting_table":7,"minecraft:campfire":9,"minecraft:dripstone_block":22,"minecraft:deepslate_tile_wall":151,"minecraft:deepslate_tiles":333,"minecraft:diamond_pickaxe":182,"minecraft:apple":1,"minecraft:iron_pickaxe":1809,"minecraft:heavy_weighted_pressure_plate":1,"minecraft:bread":36,"minecraft:gravel":1,"minecraft:pink_bed":2,"minecraft:stone_axe":104,"minecraft:crimson_sign":3,"minecraft:pink_petals":29,"minecraft:nether_wart_block":7,"minecraft:crimson_fungus":1,"minecraft:cobblestone":237,"minecraft:cobbled_deepslate_slab":42,"minecraft:white_banner":2,"minecraft:cooked_porkchop":4,"minecraft:smithing_table":1,"minecraft:andesite":14,"minecraft:bucket":40,"minecraft:bone_meal":30},"minecraft:custom":{"minecraft:interact_with_smithing_table":2,"minecraft:mob_kills":107,"minecraft:interact_with_crafting_table":181,"minecraft:interact_with_campfire":22,"minecraft:leave_game":10,"minecraft:time_since_death":348569,"minecraft:climb_one_cm":64416,"minecraft:sprint_one_cm":934736,"minecraft:walk_one_cm":2931615,"minecraft:damage_blocked_by_shield":2470,"minecraft:drop":43,"minecraft:talked_to_villager":11,"minecraft:play_time":610178,"minecraft:deaths":5,"minecraft:sneak_time":14281,"minecraft:walk_under_water_one_cm":41922,"minecraft:jump":6700,"minecraft:walk_on_water_one_cm":55998,"minecraft:total_world_time":610178,"minecraft:interact_with_furnace":95,"minecraft:traded_with_villager":14,"minecraft:interact_with_stonecutter":14,"minecraft:sleep_in_bed":5,"minecraft:time_since_rest":5734,"minecraft:damage_taken":5163,"minecraft:minecart_one_cm":1189,"minecraft:damage_dealt":19510,"minecraft:swim_one_cm":4925,"minecraft:fly_one_cm":754556,"minecraft:open_chest":262,"minecraft:crouch_one_cm":30799,"minecraft:fall_one_cm":125321},"minecraft:picked_up":{"minecraft:chiseled_deepslate":1,"minecraft:charcoal":4,"minecraft:iron_chestplate":1,"minecraft:wheat":356,"minecraft:shield":1,"minecraft:amethyst_block":54,"minecraft:polished_deepslate":5,"minecraft:string":14,"minecraft:raw_copper":256,"minecraft:flint_and_steel":1,"minecraft:iron_leggings":1,"minecraft:iron_shovel":1,"minecraft:blackstone":2,"minecraft:shroomlight":3,"minecraft:deepslate_tiles":30,"minecraft:gold_nugget":22,"minecraft:cobbled_deepslate":901,"minecraft:bucket":1,"minecraft:calcite":48,"minecraft:iron_pickaxe":1,"minecraft:minecart":2,"minecraft:deepslate_tile_wall":4,"minecraft:furnace":1,"minecraft:chest":1,"minecraft:birch_sapling":2,"minecraft:crimson_sign":1,"minecraft:phantom_membrane":7,"minecraft:iron_boots":2,"minecraft:stick":33,"minecraft:raw_iron":91,"minecraft:copper_ingot":2,"minecraft:torch":14,"minecraft:pointed_dripstone":69,"minecraft:diorite":137,"minecraft:redstone":211,"minecraft:weeping_vines":2,"minecraft:arrow":35,"minecraft:rotten_flesh":73,"minecraft:hay_block":22,"minecraft:leather_horse_armor":1,"minecraft:cobblestone":900,"minecraft:birch_log":38,"minecraft:pink_petals":55,"minecraft:magma_block":16,"minecraft:cherry_planks":4,"minecraft:crimson_stem":2,"minecraft:glow_ink_sac":12,"minecraft:water_bucket":1,"minecraft:andesite":153,"minecraft:potato":44,"minecraft:flint":2,"minecraft:crimson_fungus":3,"minecraft:tuff":8,"minecraft:oak_log":185,"minecraft:nether_wart_block":7,"minecraft:gunpowder":3,"minecraft:deepslate_tile_slab":2,"minecraft:lapis_lazuli":104,"minecraft:dirt":1609,"minecraft:white_banner":2,"minecraft:bone":45,"minecraft:apple":7,"minecraft:bow":2,"minecraft:wheat_seeds":1117,"minecraft:raw_gold":26,"minecraft:cobbled_deepslate_slab":2,"minecraft:stone_pickaxe":1,"minecraft:iron_sword":1,"minecraft:oak_planks":8,"minecraft:soul_sand":6,"minecraft:pink_bed":2,"minecraft:smooth_basalt":22,"minecraft:cooked_porkchop":4,"minecraft:sand":128,"minecraft:quartz":57,"minecraft:dandelion":1,"minecraft:spyglass":2,"minecraft:dripstone_block":70,"minecraft:gravel":12,"minecraft:amethyst_shard":22,"minecraft:spider_eye":4,"minecraft:diamond":5,"minecraft:stone_axe":1,"minecraft:iron_helmet":1,"minecraft:granite":27,"minecraft:cherry_sapling":4,"minecraft:baked_potato":25,"minecraft:oak_sapling":36,"minecraft:netherrack":287,"minecraft:coal":18,"minecraft:crimson_roots":21},"minecraft:killed":{"minecraft:spider":12,"minecraft:phantom":7,"minecraft:skeleton":19,"minecraft:piglin":1,"minecraft:zombie_villager":1,"minecraft:creeper":3,"minecraft:pillager":1,"minecraft:zombie":59},"minecraft:killed_by":{"minecraft:player":1},"minecraft:dropped":{"minecraft:soul_sand":2,"minecraft:wheat_seeds":3,"minecraft:diamond":2,"minecraft:cobblestone":60,"minecraft:granite":1,"minecraft:flint":1,"minecraft:dirt":4,"minecraft:iron_pickaxe":1,"minecraft:bucket":1,"minecraft:bone":9,"minecraft:spyglass":1,"minecraft:birch_sapling":1,"minecraft:oak_planks":8,"minecraft:oak_sapling":14,"minecraft:wooden_pickaxe":2,"minecraft:raw_gold":19},"minecraft:crafted":{"minecraft:cobbled_deepslate_slab":90,"minecraft:oak_planks":236,"minecraft:stone_shovel":5,"minecraft:iron_nugget":1,"minecraft:spyglass":2,"minecraft:crimson_sign":3,"minecraft:furnace":8,"minecraft:stone":3,"minecraft:bone_meal":30,"minecraft:nether_brick":12,"minecraft:heavy_weighted_pressure_plate":1,"minecraft:flint_and_steel":1,"minecraft:bow":2,"minecraft:iron_boots":1,"minecraft:polished_deepslate":24,"minecraft:ladder":57,"minecraft:stone_pickaxe":8,"minecraft:chest":7,"minecraft:deepslate_tile_wall":66,"minecraft:stone_hoe":3,"minecraft:wheat":198,"minecraft:crimson_planks":8,"minecraft:emerald":14,"minecraft:soul_campfire":1,"minecraft:crafting_table":8,"minecraft:wooden_pickaxe":2,"minecraft:iron_helmet":1,"minecraft:iron_sword":1,"minecraft:nether_bricks":3,"minecraft:copper_ingot":13,"minecraft:bucket":8,"minecraft:campfire":9,"minecraft:stone_axe":1,"minecraft:polished_deepslate_slab":48,"minecraft:air":0,"minecraft:bread":89,"minecraft:iron_chestplate":1,"minecraft:charcoal":61,"minecraft:chiseled_deepslate":6,"minecraft:shield":1,"minecraft:stick":268,"minecraft:iron_ingot":91,"minecraft:iron_pickaxe":8,"minecraft:stone_sword":2,"minecraft:iron_shovel":2,"minecraft:iron_leggings":1,"minecraft:stonecutter":1,"minecraft:torch":192,"minecraft:deepslate_tile_slab":32},"minecraft:broken":{"minecraft:iron_shovel":2,"minecraft:iron_boots":1,"minecraft:stone_sword":1,"minecraft:iron_chestplate":1,"minecraft:iron_leggings":1,"minecraft:stone_hoe":2,"minecraft:stone_pickaxe":8,"minecraft:stone_axe":1,"minecraft:iron_sword":1,"minecraft:iron_pickaxe":7,"minecraft:iron_helmet":1,"minecraft:stone_shovel":5},"minecraft:mined":{"minecraft:nether_gold_ore":2,"minecraft:deepslate_tiles":31,"minecraft:tuff":8,"minecraft:pink_bed":1,"minecraft:deepslate_diamond_ore":2,"minecraft:cobbled_deepslate_slab":2,"minecraft:granite":27,"minecraft:budding_amethyst":7,"minecraft:deepslate_tile_wall":4,"minecraft:grass_block":1154,"minecraft:crimson_roots":9,"minecraft:weeping_vines":1,"minecraft:crimson_fungus":3,"minecraft:crimson_stem":2,"minecraft:hay_block":22,"minecraft:redstone_ore":5,"minecraft:magma_block":17,"minecraft:furnace":1,"minecraft:iron_ore":65,"minecraft:cobbled_deepslate":1,"minecraft:fire":3,"minecraft:andesite":153,"minecraft:chiseled_deepslate":1,"minecraft:deepslate_lapis_ore":2,"minecraft:polished_deepslate":5,"minecraft:dirt_path":1,"minecraft:potatoes":12,"minecraft:pointed_dripstone":25,"minecraft:deepslate_iron_ore":26,"minecraft:shroomlight":3,"minecraft:small_amethyst_bud":2,"minecraft:crimson_sign":1,"minecraft:stone":792,"minecraft:white_banner":1,"minecraft:deepslate_redstone_ore":43,"minecraft:cherry_planks":4,"minecraft:soul_sand":2,"minecraft:blackstone":2,"minecraft:medium_amethyst_bud":1,"minecraft:crimson_nylium":9,"minecraft:amethyst_cluster":2,"minecraft:deepslate_tile_slab":2,"minecraft:dandelion":1,"minecraft:torch":5,"minecraft:short_grass":1259,"minecraft:calcite":48,"minecraft:chest":1,"minecraft:campfire":2,"minecraft:nether_quartz_ore":46,"minecraft:copper_ore":27,"minecraft:tall_grass":74,"minecraft:cobblestone":51,"minecraft:deepslate_gold_ore":20,"minecraft:lapis_ore":5,"minecraft:diorite":137,"minecraft:amethyst_block":54,"minecraft:deepslate_copper_ore":29,"minecraft:pink_petals":3,"minecraft:nether_wart_block":7,"minecraft:birch_log":18,"minecraft:wheat":360,"minecraft:birch_leaves":2,"minecraft:oak_log":161,"minecraft:coal_ore":18,"minecraft:sand":128,"minecraft:gravel":10,"minecraft:dirt":206,"minecraft:dripstone_block":71,"minecraft:smooth_basalt":22,"minecraft:netherrack":180,"minecraft:gold_ore":7,"minecraft:oak_leaves":68,"minecraft:deepslate":773}},"DataVersion":3700}