{"stats":{"minecraft:broken":{"minecraft:iron_shovel":2,"minecraft:stone_hoe":1,"minecraft:stone_pickaxe":8,"minecraft:stone_axe":1,"minecraft:iron_sword":1,"minecraft:iron_pickaxe":6,"minecraft:iron_helmet":1},"minecraft:mined":{"minecraft:nether_gold_ore":2,"minecraft:deepslate_tiles":26,"minecraft:tuff":5,"minecraft:pink_bed":1,"minecraft:deepslate_diamond_ore":1,"minecraft:deepslate_tile_wall":4,"minecraft:cobbled_deepslate_slab":2,"minecraft:granite":27,"minecraft:budding_amethyst":7,"minecraft:grass_block":646,"minecraft:crimson_roots":9,"minecraft:weeping_vines":1,"minecraft:crimson_fungus":3,"minecraft:crimson_stem":2,"minecraft:magma_block":17,"minecraft:redstone_ore":5,"minecraft:furnace":1,"minecraft:fire":3,"minecraft:iron_ore":65,"minecraft:cobbled_deepslate":1,"minecraft:andesite":153,"minecraft:chiseled_deepslate":1,"minecraft:deepslate_lapis_ore":2,"minecraft:polished_deepslate":5,"minecraft:pointed_dripstone":25,"minecraft:potatoes":12,"minecraft:deepslate_iron_ore":19,"minecraft:shroomlight":3,"minecraft:small_amethyst_bud":2,"minecraft:crimson_sign":1,"minecraft:white_banner":1,"minecraft:stone":790,"minecraft:deepslate_redstone_ore":38,"minecraft:blackstone":2,"minecraft:soul_sand":2,"minecraft:crimson_nylium":9,"minecraft:medium_amethyst_bud":1,"minecraft:amethyst_cluster":2,"minecraft:deepslate_tile_slab":2,"minecraft:dandelion":1,"minecraft:torch":3,"minecraft:short_grass":1244,"minecraft:calcite":48,"minecraft:chest":1,"minecraft:campfire":2,"minecraft:nether_quartz_ore":46,"minecraft:tall_grass":74,"minecraft:copper_ore":27,"minecraft:cobblestone":51,"minecraft:lapis_ore":5,"minecraft:deepslate_gold_ore":12,"minecraft:diorite":137,"minecraft:amethyst_block":54,"minecraft:deepslate_copper_ore":29,"minecraft:pink_petals":2,"minecraft:nether_wart_block":7,"minecraft:birch_log":18,"minecraft:wheat":124,"minecraft:birch_leaves":2,"minecraft:oak_log":157,"minecraft:coal_ore":18,"minecraft:gravel":10,"minecraft:dripstone_block":69,"minecraft:dirt":143,"minecraft:smooth_basalt":22,"minecraft:netherrack":180,"minecraft:gold_ore":7,"minecraft:oak_leaves":44,"minecraft:deepslate":496},"minecraft:dropped":{"minecraft:soul_sand":2,"minecraft:wheat_seeds":2,"minecraft:diamond":2,"minecraft:cobblestone":60,"minecraft:granite":1,"minecraft:flint":1,"minecraft:dirt":4,"minecraft:iron_pickaxe":1,"minecraft:bucket":1,"minecraft:bone":9,"minecraft:spyglass":1,"minecraft:birch_sapling":1,"minecraft:oak_planks":8,"minecraft:oak_sapling":14,"minecraft:wooden_pickaxe":2,"minecraft:raw_gold":19},"minecraft:killed_by":{"minecraft:player":1},"minecraft:killed":{"minecraft:spider":11,"minecraft:phantom":4,"minecraft:skeleton":16,"minecraft:piglin":1,"minecraft:zombie_villager":1,"minecraft:creeper":2,"minecraft:pillager":1,"minecraft:zombie":48},"minecraft:used":{"minecraft:stone_sword":109,"minecraft:iron_shovel":506,"minecraft:polished_deepslate":5,"minecraft:chiseled_deepslate":7,"minecraft:flint_and_steel":27,"minecraft:ladder":56,"minecraft:chest":7,"minecraft:shield":110,"minecraft:iron_sword":248,"minecraft:rotten_flesh":43,"minecraft:stone_hoe":210,"minecraft:netherrack":76,"minecraft:iron_chestplate":1,"minecraft:soul_campfire":1,"minecraft:torch":189,"minecraft:soul_sand":2,"minecraft:dirt":603,"minecraft:spyglass":30,"minecraft:deepslate_tile_slab":148,"minecraft:tuff":3,"minecraft:salmon_bucket":3,"minecraft:weeping_vines":2,"minecraft:milk_bucket":1,"minecraft:shroomlight":3,"minecraft:lava_bucket":11,"minecraft:iron_helmet":1,"minecraft:iron_boots":1,"minecraft:crimson_roots":13,"minecraft:smooth_basalt":1,"minecraft:bow":12,"minecraft:furnace":5,"minecraft:minecart":1,"minecraft:potato":22,"minecraft:cobbled_deepslate":4,"minecraft:iron_leggings":1,"minecraft:calcite":12,"minecraft:wheat_seeds":275,"minecraft:water_bucket":16,"minecraft:diorite":18,"minecraft:baked_potato":6,"minecraft:oak_planks":2,"minecraft:stone_pickaxe":903,"minecraft:blackstone":4,"minecraft:wooden_pickaxe":3,"minecraft:glow_ink_sac":2,"minecraft:stonecutter":1,"minecraft:polished_deepslate_slab":48,"minecraft:crafting_table":7,"minecraft:campfire":9,"minecraft:dripstone_block":22,"minecraft:deepslate_tile_wall":144,"minecraft:deepslate_tiles":181,"minecraft:diamond_pickaxe":181,"minecraft:apple":1,"minecraft:heavy_weighted_pressure_plate":1,"minecraft:bread":36,"minecraft:iron_pickaxe":1500,"minecraft:gravel":1,"minecraft:crimson_sign":3,"minecraft:pink_bed":2,"minecraft:stone_axe":104,"minecraft:pink_petals":29,"minecraft:nether_wart_block":7,"minecraft:crimson_fungus":1,"minecraft:cobblestone":237,"minecraft:cobbled_deepslate_slab":42,"minecraft:white_banner":2,"minecraft:cooked_porkchop":4,"minecraft:andesite":14,"minecraft:bucket":37,"minecraft:bone_meal":30},"minecraft:custom":{"minecraft:interact_with_smithing_table":1,"minecraft:mob_kills":86,"minecraft:interact_with_campfire":22,"minecraft:interact_with_crafting_table":163,"minecraft:leave_game":10,"minecraft:time_since_death":249597,"minecraft:climb_one_cm":58418,"minecraft:sprint_one_cm":724887,"minecraft:walk_one_cm":2395964,"minecraft:damage_blocked_by_shield":2325,"minecraft:drop":42,"minecraft:play_time":511206,"minecraft:deaths":5,"minecraft:sneak_time":12978,"minecraft:walk_under_water_one_cm":39670,"minecraft:jump":5524,"minecraft:walk_on_water_one_cm":48701,"minecraft:total_world_time":511206,"minecraft:interact_with_furnace":90,"minecraft:interact_with_stonecutter":11,"minecraft:sleep_in_bed":4,"minecraft:time_since_rest":202453,"minecraft:damage_taken":4058,"minecraft:minecart_one_cm":1189,"minecraft:damage_dealt":16632,"minecraft:swim_one_cm":4925,"minecraft:fly_one_cm":577771,"minecraft:open_chest":209,"minecraft:crouch_one_cm":26872,"minecraft:fall_one_cm":97581},"minecraft:picked_up":{"minecraft:chiseled_deepslate":1,"minecraft:charcoal":4,"minecraft:iron_chestplate":1,"minecraft:wheat":121,"minecraft:shield":1,"minecraft:amethyst_block":54,"minecraft:polished_deepslate":5,"minecraft:string":12,"minecraft:raw_copper":256,"minecraft:flint_and_steel":1,"minecraft:iron_leggings":1,"minecraft:iron_shovel":1,"minecraft:blackstone":2,"minecraft:shroomlight":3,"minecraft:deepslate_tiles":26,"minecraft:gold_nugget":22,"minecraft:cobbled_deepslate":626,"minecraft:bucket":1,"minecraft:calcite":48,"minecraft:deepslate_tile_wall":4,"minecraft:iron_pickaxe":1,"minecraft:minecart":2,"minecraft:crimson_sign":1,"minecraft:chest":1,"minecraft:birch_sapling":2,"minecraft:furnace":1,"minecraft:phantom_membrane":5,"minecraft:iron_boots":2,"minecraft:stick":32,"minecraft:raw_iron":84,"minecraft:copper_ingot":2,"minecraft:torch":12,"minecraft:pointed_dripstone":67,"minecraft:diorite":137,"minecraft:redstone":188,"minecraft:weeping_vines":2,"minecraft:arrow":30,"minecraft:rotten_flesh":57,"minecraft:leather_horse_armor":1,"minecraft:cobblestone":898,"minecraft:birch_log":38,"minecraft:pink_petals":29,"minecraft:magma_block":16,"minecraft:crimson_stem":2,"minecraft:glow_ink_sac":7,"minecraft:water_bucket":1,"minecraft:andesite":153,"minecraft:potato":44,"minecraft:tuff":5,"minecraft:flint":2,"minecraft:crimson_fungus":3,"minecraft:oak_log":181,"minecraft:nether_wart_block":7,"minecraft:gunpowder":1,"minecraft:deepslate_tile_slab":2,"minecraft:lapis_lazuli":104,"minecraft:dirt":1012,"minecraft:white_banner":2,"minecraft:bone":42,"minecraft:apple":7,"minecraft:bow":2,"minecraft:wheat_seeds":561,"minecraft:raw_gold":19,"minecraft:cobbled_deepslate_slab":2,"minecraft:stone_pickaxe":1,"minecraft:iron_sword":1,"minecraft:oak_planks":8,"minecraft:soul_sand":6,"minecraft:pink_bed":2,"minecraft:smooth_basalt":22,"minecraft:cooked_porkchop":4,"minecraft:dandelion":1,"minecraft:quartz":57,"minecraft:spyglass":2,"minecraft:dripstone_block":68,"minecraft:gravel":12,"minecraft:amethyst_shard":22,"minecraft:spider_eye":4,"minecraft:diamond":4,"minecraft:stone_axe":1,"minecraft:iron_helmet":1,"minecraft:granite":27,"minecraft:cherry_sapling":4,"minecraft:baked_potato":25,"minecraft:oak_sapling":35,"minecraft:netherrack":287,"minecraft:coal":18,"minecraft:crimson_roots":21},"minecraft:crafted":{"minecraft:cobbled_deepslate_slab":90,"minecraft:oak_planks":228,"minecraft:iron_nugget":1,"minecraft:spyglass":2,"minecraft:crimson_sign":3,"minecraft:furnace":4,"minecraft:stone":3,"minecraft:bone_meal":30,"minecraft:heavy_weighted_pressure_plate":1,"minecraft:nether_brick":12,"minecraft:flint_and_steel":1,"minecraft:bow":2,"minecraft:iron_boots":1,"minecraft:polished_deepslate":24,"minecraft:ladder":57,"minecraft:stone_pickaxe":8,"minecraft:chest":6,"minecraft:deepslate_tile_wall":66,"minecraft:stone_hoe":2,"minecraft:crimson_planks":8,"minecraft:soul_campfire":1,"minecraft:crafting_table":8,"minecraft:wooden_pickaxe":2,"minecraft:iron_helmet":1,"minecraft:iron_sword":1,"minecraft:nether_bricks":3,"minecraft:copper_ingot":13,"minecraft:bucket":8,"minecraft:campfire":9,"minecraft:stone_axe":1,"minecraft:polished_deepslate_slab":48,"minecraft:bread":38,"minecraft:air":0,"minecraft:iron_chestplate":1,"minecraft:chiseled_deepslate":6,"minecraft:charcoal":61,"minecraft:shield":1,"minecraft:stick":252,"minecraft:iron_ingot":84,"minecraft:iron_pickaxe":6,"minecraft:stone_sword":1,"minecraft:iron_shovel":2,"minecraft:iron_leggings":1,"minecraft:stonecutter":1,"minecraft:torch":192,"minecraft:deepslate_tile_slab":18}},"DataVersion":3700}