{"stats":{"minecraft:mined":{"minecraft:pink_bed":1,"minecraft:granite":27,"minecraft:budding_amethyst":7,"minecraft:deepslate_tile_wall":4,"minecraft:grass_block":1170,"minecraft:crimson_fungus":3,"minecraft:magma_block":17,"minecraft:iron_ore":65,"minecraft:cobbled_deepslate":1,"minecraft:fire":4,"minecraft:deepslate_lapis_ore":2,"minecraft:pointed_dripstone":25,"minecraft:dirt_path":1,"minecraft:small_amethyst_bud":2,"minecraft:crimson_sign":1,"minecraft:white_banner":1,"minecraft:deepslate_redstone_ore":50,"minecraft:blackstone":2,"minecraft:crimson_nylium":9,"minecraft:medium_amethyst_bud":1,"minecraft:amethyst_cluster":2,"minecraft:deepslate_tile_slab":2,"minecraft:torch":5,"minecraft:calcite":48,"minecraft:melon":2,"minecraft:chest":1,"minecraft:nether_quartz_ore":46,"minecraft:cobblestone":52,"minecraft:sugar_cane":13,"minecraft:amethyst_block":54,"minecraft:deepslate_copper_ore":29,"minecraft:pink_petals":3,"minecraft:nether_wart_block":7,"minecraft:birch_log":18,"minecraft:wheat":503,"minecraft:oak_log":161,"minecraft:sand":128,"minecraft:dirt":209,"minecraft:smooth_basalt":22,"minecraft:netherrack":180,"minecraft:oak_leaves":73,"minecraft:deepslate":778,"minecraft:nether_gold_ore":2,"minecraft:deepslate_tiles":31,"minecraft:tuff":8,"minecraft:deepslate_diamond_ore":3,"minecraft:cobbled_deepslate_slab":2,"minecraft:crimson_roots":9,"minecraft:weeping_vines":1,"minecraft:crimson_stem":2,"minecraft:hay_block":22,"minecraft:redstone_ore":5,"minecraft:furnace":1,"minecraft:andesite":153,"minecraft:chiseled_deepslate":1,"minecraft:polished_deepslate":5,"minecraft:potatoes":12,"minecraft:deepslate_iron_ore":26,"minecraft:shroomlight":3,"minecraft:bamboo_sapling":1,"minecraft:bamboo":36,"minecraft:stone":793,"minecraft:cherry_planks":4,"minecraft:soul_sand":2,"minecraft:dandelion":1,"minecraft:crafting_table":1,"minecraft:short_grass":1266,"minecraft:campfire":2,"minecraft:tall_grass":75,"minecraft:copper_ore":27,"minecraft:lapis_ore":5,"minecraft:deepslate_gold_ore":20,"minecraft:diorite":137,"minecraft:birch_leaves":2,"minecraft:coal_ore":18,"minecraft:cocoa":1,"minecraft:gravel":10,"minecraft:dripstone_block":71,"minecraft:gold_ore":7,"minecraft:fern":2},"minecraft:used":{"minecraft:iron_shovel":506,"minecraft:polished_deepslate":5,"minecraft:chiseled_deepslate":7,"minecraft:ladder":56,"minecraft:chest":8,"minecraft:shield":115,"minecraft:iron_sword":248,"minecraft:rotten_flesh":85,"minecraft:iron_chestplate":1,"minecraft:soul_campfire":1,"minecraft:soul_sand":2,"minecraft:cocoa_beans":3,"minecraft:deepslate_tile_slab":154,"minecraft:tuff":3,"minecraft:weeping_vines":2,"minecraft:milk_bucket":1,"minecraft:lava_bucket":11,"minecraft:iron_helmet":1,"minecraft:crimson_roots":13,"minecraft:bow":33,"minecraft:furnace":7,"minecraft:oak_sapling":1,"minecraft:potato":22,"minecraft:diorite":18,"minecraft:stone_pickaxe":903,"minecraft:oak_planks":2,"minecraft:blackstone":4,"minecraft:wooden_pickaxe":3,"minecraft:dripstone_block":22,"minecraft:deepslate_tiles":333,"minecraft:melon_slice":3,"minecraft:heavy_weighted_pressure_plate":1,"minecraft:bread":48,"minecraft:gravel":1,"minecraft:nether_wart_block":7,"minecraft:diamond_sword":135,"minecraft:smithing_table":1,"minecraft:andesite":14,"minecraft:bone_meal":30,"minecraft:stone_sword":252,"minecraft:flint_and_steel":43,"minecraft:stone_shovel":655,"minecraft:stone_hoe":391,"minecraft:cooked_chicken":1,"minecraft:netherrack":76,"minecraft:torch":206,"minecraft:dirt":1355,"minecraft:spyglass":30,"minecraft:salmon_bucket":3,"minecraft:shroomlight":3,"minecraft:iron_boots":1,"minecraft:smooth_basalt":1,"minecraft:bamboo":11,"minecraft:minecart":1,"minecraft:cobbled_deepslate":4,"minecraft:iron_leggings":1,"minecraft:calcite":12,"minecraft:wheat_seeds":803,"minecraft:water_bucket":18,"minecraft:baked_potato":41,"minecraft:stonecutter":1,"minecraft:glow_ink_sac":2,"minecraft:polished_deepslate_slab":48,"minecraft:crafting_table":8,"minecraft:campfire":9,"minecraft:deepslate_tile_wall":151,"minecraft:diamond_pickaxe":197,"minecraft:apple":1,"minecraft:iron_pickaxe":1809,"minecraft:crimson_sign":3,"minecraft:stone_axe":104,"minecraft:pink_petals":29,"minecraft:pink_bed":2,"minecraft:crimson_fungus":1,"minecraft:cobblestone":260,"minecraft:cobbled_deepslate_slab":42,"minecraft:white_banner":2,"minecraft:cooked_porkchop":4,"minecraft:bucket":40},"minecraft:killed":{"minecraft:spider":18,"minecraft:skeleton":27,"minecraft:piglin":1,"minecraft:parrot":1,"minecraft:zombie_villager":1,"minecraft:creeper":5,"minecraft:pillager":1,"minecraft:zombie":74,"minecraft:phantom":7},"minecraft:broken":{"minecraft:iron_shovel":2,"minecraft:iron_boots":1,"minecraft:iron_chestplate":1,"minecraft:iron_leggings":1,"minecraft:stone_pickaxe":8,"minecraft:stone_axe":1,"minecraft:iron_sword":1,"minecraft:stone_shovel":5,"minecraft:stone_sword":2,"minecraft:stone_hoe":2,"minecraft:iron_pickaxe":7,"minecraft:iron_helmet":1},"minecraft:crafted":{"minecraft:oak_planks":236,"minecraft:crimson_sign":3,"minecraft:stone":3,"minecraft:nether_brick":12,"minecraft:heavy_weighted_pressure_plate":1,"minecraft:bow":2,"minecraft:iron_boots":1,"minecraft:chest":7,"minecraft:stone_hoe":3,"minecraft:emerald":14,"minecraft:soul_campfire":1,"minecraft:crafting_table":8,"minecraft:wooden_pickaxe":2,"minecraft:iron_helmet":1,"minecraft:copper_ingot":13,"minecraft:campfire":9,"minecraft:polished_deepslate_slab":48,"minecraft:iron_chestplate":1,"minecraft:charcoal":61,"minecraft:chiseled_deepslate":6,"minecraft:shield":1,"minecraft:stick":268,"minecraft:iron_ingot":91,"minecraft:iron_pickaxe":8,"minecraft:stone_sword":2,"minecraft:deepslate_tile_slab":32,"minecraft:cobbled_deepslate_slab":90,"minecraft:stone_shovel":5,"minecraft:iron_nugget":1,"minecraft:spyglass":2,"minecraft:furnace":8,"minecraft:bone_meal":30,"minecraft:flint_and_steel":1,"minecraft:polished_deepslate":24,"minecraft:ladder":57,"minecraft:stone_pickaxe":8,"minecraft:deepslate_tile_wall":66,"minecraft:wheat":198,"minecraft:crimson_planks":8,"minecraft:iron_sword":1,"minecraft:nether_bricks":3,"minecraft:bucket":8,"minecraft:stone_axe":1,"minecraft:bread":101,"minecraft:air":0,"minecraft:iron_shovel":2,"minecraft:iron_leggings":1,"minecraft:stonecutter":1,"minecraft:torch":192},"minecraft:custom":{"minecraft:interact_with_crafting_table":184,"minecraft:leave_game":12,"minecraft:time_since_death":75843,"minecraft:sprint_one_cm":1403302,"minecraft:damage_blocked_by_shield":2470,"minecraft:drop":48,"minecraft:talked_to_villager":11,"minecraft:play_time":695067,"minecraft:deaths":6,"minecraft:jump":8803,"minecraft:walk_on_water_one_cm":66921,"minecraft:interact_with_furnace":100,"minecraft:traded_with_villager":14,"minecraft:sleep_in_bed":5,"minecraft:damage_dealt":25822,"minecraft:crouch_one_cm":33102,"minecraft:interact_with_smithing_table":2,"minecraft:mob_kills":140,"minecraft:interact_with_campfire":22,"minecraft:climb_one_cm":75046,"minecraft:walk_one_cm":3236584,"minecraft:sneak_time":15142,"minecraft:walk_under_water_one_cm":44444,"minecraft:total_world_time":695067,"minecraft:interact_with_stonecutter":14,"minecraft:time_since_rest":75891,"minecraft:damage_taken":6623,"minecraft:minecart_one_cm":1189,"minecraft:swim_one_cm":6718,"minecraft:fly_one_cm":1074986,"minecraft:open_chest":279,"minecraft:fall_one_cm":158446},"minecraft:dropped":{"minecraft:soul_sand":2,"minecraft:glow_ink_sac":7,"minecraft:diamond":2,"minecraft:flint":1,"minecraft:dirt":4,"minecraft:iron_pickaxe":1,"minecraft:bone":9,"minecraft:spyglass":1,"minecraft:birch_sapling":1,"minecraft:oak_planks":8,"minecraft:gunpowder":3,"minecraft:water_bucket":2,"minecraft:wheat_seeds":3,"minecraft:cobblestone":60,"minecraft:granite":1,"minecraft:bucket":1,"minecraft:diamond_pickaxe":1,"minecraft:oak_sapling":14,"minecraft:wooden_pickaxe":2,"minecraft:raw_gold":19},"minecraft:killed_by":{"minecraft:creeper":1,"minecraft:player":1},"minecraft:picked_up":{"minecraft:chiseled_deepslate":1,"minecraft:iron_chestplate":1,"minecraft:wheat":625,"minecraft:diamond_sword":1,"minecraft:amethyst_block":54,"minecraft:polished_deepslate":5,"minecraft:string":22,"minecraft:raw_copper":256,"minecraft:iron_leggings":1,"minecraft:shroomlight":3,"minecraft:deepslate_tiles":30,"minecraft:gold_nugget":22,"minecraft:cobbled_deepslate":906,"minecraft:bucket":1,"minecraft:calcite":48,"minecraft:iron_pickaxe":2,"minecraft:deepslate_tile_wall":27,"minecraft:melon_slice":11,"minecraft:furnace":3,"minecraft:crimson_sign":1,"minecraft:iron_boots":2,"minecraft:stick":35,"minecraft:torch":14,"minecraft:pointed_dripstone":69,"minecraft:diorite":137,"minecraft:rotten_flesh":86,"minecraft:leather_horse_armor":1,"minecraft:cobblestone":923,"minecraft:birch_log":38,"minecraft:pink_petals":57,"minecraft:magma_block":16,"minecraft:feather":1,"minecraft:cherry_planks":4,"minecraft:water_bucket":3,"minecraft:andesite":153,"minecraft:potato":44,"minecraft:flint":2,"minecraft:tuff":8,"minecraft:lapis_lazuli":167,"minecraft:dirt":1639,"minecraft:bone":60,"minecraft:bow":3,"minecraft:wheat_seeds":1714,"minecraft:raw_gold":26,"minecraft:cobbled_deepslate_slab":2,"minecraft:bamboo":497,"minecraft:oak_planks":8,"minecraft:stone_hoe":1,"minecraft:cooked_porkchop":4,"minecraft:sand":256,"minecraft:diamond":6,"minecraft:granite":27,"minecraft:oak_sapling":37,"minecraft:netherrack":287,"minecraft:crimson_roots":21,"minecraft:diamond_pickaxe":4,"minecraft:cocoa_beans":3,"minecraft:charcoal":4,"minecraft:crafting_table":2,"minecraft:shield":2,"minecraft:flint_and_steel":2,"minecraft:iron_shovel":1,"minecraft:blackstone":2,"minecraft:beef":3,"minecraft:minecart":3,"minecraft:sugar_cane":15,"minecraft:chest":1,"minecraft:birch_sapling":2,"minecraft:phantom_membrane":7,"minecraft:raw_iron":91,"minecraft:copper_ingot":2,"minecraft:redstone":242,"minecraft:weeping_vines":2,"minecraft:arrow":40,"minecraft:diamond_chestplate":1,"minecraft:hay_block":22,"minecraft:crimson_stem":2,"minecraft:glow_ink_sac":25,"minecraft:crimson_fungus":3,"minecraft:oak_log":189,"minecraft:nether_wart_block":7,"minecraft:gunpowder":6,"minecraft:deepslate_tile_slab":2,"minecraft:white_banner":2,"minecraft:apple":7,"minecraft:stone_pickaxe":1,"minecraft:iron_ingot":10,"minecraft:cooked_chicken":1,"minecraft:soul_sand":6,"minecraft:iron_sword":1,"minecraft:pink_bed":2,"minecraft:smooth_basalt":22,"minecraft:quartz":57,"minecraft:dandelion":1,"minecraft:spyglass":3,"minecraft:dripstone_block":70,"minecraft:gravel":12,"minecraft:amethyst_shard":22,"minecraft:spider_eye":5,"minecraft:pumpkin_seeds":2,"minecraft:stone_axe":1,"minecraft:iron_helmet":1,"minecraft:cherry_sapling":4,"minecraft:baked_potato":41,"minecraft:coal":18}},"DataVersion":3700}