{"stats":{"minecraft:custom":{"minecraft:animals_bred":1,"minecraft:interact_with_crafting_table":124,"minecraft:open_barrel":129,"minecraft:leave_game":8,"minecraft:time_since_death":1012153,"minecraft:sprint_one_cm":1759112,"minecraft:damage_blocked_by_shield":301,"minecraft:drop":489,"minecraft:play_noteblock":2,"minecraft:talked_to_villager":10,"minecraft:play_time":1052166,"minecraft:deaths":2,"minecraft:jump":8730,"minecraft:walk_on_water_one_cm":130548,"minecraft:enchant_item":39,"minecraft:interact_with_furnace":173,"minecraft:play_record":2,"minecraft:interact_with_cartography_table":4,"minecraft:interact_with_loom":7,"minecraft:sleep_in_bed":17,"minecraft:damage_dealt":33597,"minecraft:player_kills":1,"minecraft:crouch_one_cm":313361,"minecraft:interact_with_smithing_table":8,"minecraft:interact_with_anvil":8,"minecraft:mob_kills":209,"minecraft:climb_one_cm":20013,"minecraft:walk_one_cm":3574151,"minecraft:sneak_time":95067,"minecraft:walk_under_water_one_cm":107916,"minecraft:total_world_time":1052166,"minecraft:tune_noteblock":27,"minecraft:interact_with_stonecutter":5,"minecraft:time_since_rest":95884,"minecraft:damage_taken":7223,"minecraft:minecart_one_cm":34556,"minecraft:swim_one_cm":43842,"minecraft:fly_one_cm":533905,"minecraft:open_chest":513,"minecraft:fall_one_cm":135984,"minecraft:fish_caught":2},"minecraft:used":{"minecraft:cherry_sapling":17,"minecraft:nether_brick_fence":6,"minecraft:iron_shovel":486,"minecraft:diamond_hoe":204,"minecraft:white_concrete_powder":1,"minecraft:chest":57,"minecraft:shield":13,"minecraft:iron_sword":41,"minecraft:rotten_flesh":31,"minecraft:soul_campfire":2,"minecraft:mutton":3,"minecraft:nether_bricks":36,"minecraft:carrot":22,"minecraft:tuff":2,"minecraft:music_disc_13":1,"minecraft:weeping_vines":6,"minecraft:glass":128,"minecraft:lava_bucket":15,"minecraft:quartz_pillar":3,"minecraft:quartz_slab":289,"minecraft:grass_block":11,"minecraft:lantern":43,"minecraft:birch_sapling":2,"minecraft:cherry_leaves":55,"minecraft:cherry_button":4,"minecraft:red_stained_glass_pane":8,"minecraft:stone_bricks":258,"minecraft:item_frame":23,"minecraft:bow":14,"minecraft:oak_sapling":1,"minecraft:furnace":9,"minecraft:egg":7,"minecraft:potato":161,"minecraft:short_grass":10,"minecraft:diorite":7,"minecraft:stone_pickaxe":408,"minecraft:blackstone":4,"minecraft:wooden_pickaxe":29,"minecraft:sugar_cane":47,"minecraft:diamond_axe":503,"minecraft:composter":3,"minecraft:glow_berries":7,"minecraft:white_wool":9,"minecraft:loom":2,"minecraft:note_block":3,"minecraft:dripstone_block":5,"minecraft:pumpkin_seeds":5,"minecraft:lightning_rod":1,"minecraft:birch_fence":8,"minecraft:deepslate_tiles":957,"minecraft:firework_rocket":3,"minecraft:birch_slab":12,"minecraft:heavy_weighted_pressure_plate":4,"minecraft:bread":5,"minecraft:iron_door":4,"minecraft:gravel":20,"minecraft:diamond_sword":955,"minecraft:fire_charge":1,"minecraft:wooden_sword":89,"minecraft:andesite":7,"minecraft:air":8,"minecraft:smithing_table":1,"minecraft:white_concrete":26,"minecraft:bone_meal":42,"minecraft:enchanting_table":1,"minecraft:stone_sword":132,"minecraft:flint_and_steel":8,"minecraft:stone_shovel":131,"minecraft:redstone":7,"minecraft:stone_hoe":108,"minecraft:wooden_shovel":64,"minecraft:cooked_chicken":1,"minecraft:netherrack":302,"minecraft:oak_door":2,"minecraft:torch":1134,"minecraft:dirt":2786,"minecraft:anvil":2,"minecraft:hopper":11,"minecraft:cobblestone_wall":200,"minecraft:shroomlight":15,"minecraft:wooden_axe":97,"minecraft:bookshelf":28,"minecraft:cherry_slab":54,"minecraft:iron_axe":162,"minecraft:crimson_slab":106,"minecraft:cherry_trapdoor":2,"minecraft:iron_boots":1,"minecraft:crimson_planks":21,"minecraft:pink_stained_glass_pane":484,"minecraft:barrel":30,"minecraft:smooth_basalt":2,"minecraft:light_gray_wool":1,"minecraft:beef":15,"minecraft:deepslate_tile_stairs":76,"minecraft:minecart":3,"minecraft:cherry_fence":3,"minecraft:pointed_dripstone":1,"minecraft:cherry_log":2,"minecraft:cooked_beef":2,"minecraft:observer":7,"minecraft:cobbled_deepslate":16,"minecraft:iron_leggings":1,"minecraft:cooked_mutton":14,"minecraft:water_bucket":100,"minecraft:amethyst_block":31,"minecraft:cobblestone_stairs":1,"minecraft:glass_bottle":7,"minecraft:polished_andesite":12,"minecraft:baked_potato":101,"minecraft:cartography_table":2,"minecraft:cherry_planks":209,"minecraft:cauldron":1,"minecraft:fletching_table":2,"minecraft:stonecutter":2,"minecraft:chiseled_nether_bricks":12,"minecraft:cobblestone_slab":13,"minecraft:deepslate_bricks":3,"minecraft:rail":110,"minecraft:music_disc_cat":1,"minecraft:crafting_table":27,"minecraft:white_bed":2,"minecraft:cod":2,"minecraft:piston":7,"minecraft:flower_pot":1,"minecraft:diamond_pickaxe":3081,"minecraft:diamond_shovel":1354,"minecraft:chicken":2,"minecraft:iron_pickaxe":1336,"minecraft:spruce_trapdoor":2,"minecraft:stone_axe":78,"minecraft:pink_petals":239,"minecraft:fishing_rod":13,"minecraft:cobblestone":155,"minecraft:potion":8,"minecraft:porkchop":6,"minecraft:white_banner":8,"minecraft:cooked_porkchop":10,"minecraft:bucket":118,"minecraft:diamond_leggings":1,"minecraft:jukebox":1},"minecraft:picked_up":{"minecraft:wooden_axe":2,"minecraft:seagrass":33,"minecraft:birch_door":2,"minecraft:iron_chestplate":1,"minecraft:wheat":3,"minecraft:flower_pot":1,"minecraft:anvil":1,"minecraft:smithing_table":1,"minecraft:stone_slab":1,"minecraft:diamond_sword":1,"minecraft:enchanted_book":1,"minecraft:potion":2,"minecraft:nether_brick":30,"minecraft:stone_brick_stairs":3,"minecraft:crimson_planks":1,"minecraft:amethyst_block":70,"minecraft:music_disc_cat":2,"minecraft:string":34,"minecraft:soul_soil":1,"minecraft:raw_copper":124,"minecraft:shroomlight":16,"minecraft:deepslate_tiles":17,"minecraft:gold_nugget":157,"minecraft:cobbled_deepslate":843,"minecraft:bucket":1,"minecraft:white_tulip":3,"minecraft:rose_bush":15,"minecraft:cobblestone_slab":1,"minecraft:calcite":23,"minecraft:iron_pickaxe":6,"minecraft:melon_slice":22,"minecraft:iron_boots":4,"minecraft:furnace":8,"minecraft:stick":81,"minecraft:composter":2,"minecraft:oak_fence":2,"minecraft:torch":193,"minecraft:porkchop":24,"minecraft:lightning_rod":1,"minecraft:cherry_log":264,"minecraft:pointed_dripstone":85,"minecraft:diorite":112,"minecraft:deepslate_tile_stairs":4,"minecraft:stone_sword":2,"minecraft:rotten_flesh":62,"minecraft:red_tulip":8,"minecraft:obsidian":21,"minecraft:cod":2,"minecraft:cobblestone":627,"minecraft:birch_log":1,"minecraft:pink_petals":1930,"minecraft:magma_block":44,"minecraft:feather":12,"minecraft:cherry_planks":34,"minecraft:iron_door":4,"minecraft:birch_slab":3,"minecraft:water_bucket":2,"minecraft:andesite":27,"minecraft:brown_wool":1,"minecraft:potato":481,"minecraft:flint":9,"minecraft:tuff":75,"minecraft:lapis_lazuli":151,"minecraft:dirt":1818,"minecraft:name_tag":1,"minecraft:leather_boots":1,"minecraft:bone":49,"minecraft:bow":1,"minecraft:stonecutter":2,"minecraft:wheat_seeds":148,"minecraft:orange_tulip":6,"minecraft:raw_gold":50,"minecraft:fletching_table":3,"minecraft:bamboo":449,"minecraft:oak_planks":10,"minecraft:cooked_porkchop":5,"minecraft:music_disc_13":1,"minecraft:poisonous_potato":8,"minecraft:pink_stained_glass_pane":64,"minecraft:sand":77,"minecraft:grass_block":1,"minecraft:loom":1,"minecraft:spectral_arrow":72,"minecraft:polished_andesite":8,"minecraft:diamond":39,"minecraft:granite":28,"minecraft:white_concrete":94,"minecraft:bread":3,"minecraft:oak_sapling":2,"minecraft:cherry_slab":7,"minecraft:netherrack":624,"minecraft:crimson_roots":6,"minecraft:diamond_pickaxe":1,"minecraft:charcoal":60,"minecraft:crafting_table":4,"minecraft:splash_potion":1,"minecraft:chicken":9,"minecraft:chest_minecart":1,"minecraft:wooden_pickaxe":2,"minecraft:gold_block":3,"minecraft:shield":1,"minecraft:heavy_weighted_pressure_plate":4,"minecraft:iron_axe":3,"minecraft:wooden_sword":2,"minecraft:flint_and_steel":1,"minecraft:quartz_slab":6,"minecraft:iron_shovel":1,"minecraft:birch_fence":10,"minecraft:blackstone":98,"minecraft:cracked_stone_bricks":4,"minecraft:cartography_table":1,"minecraft:detector_rail":5,"minecraft:beef":63,"minecraft:iron_nugget":22,"minecraft:poppy":4,"minecraft:light_gray_wool":2,"minecraft:minecart":4,"minecraft:sugar_cane":211,"minecraft:birch_sapling":6,"minecraft:cherry_button":4,"minecraft:egg":12,"minecraft:raw_iron":174,"minecraft:oak_door":2,"minecraft:note_block":2,"minecraft:fire_charge":4,"minecraft:quartz_pillar":1,"minecraft:carrot":100,"minecraft:redstone":528,"minecraft:mushroom_stem":3,"minecraft:arrow":37,"minecraft:weeping_vines":7,"minecraft:peony":10,"minecraft:shears":1,"minecraft:hay_block":27,"minecraft:gold_ingot":17,"minecraft:glow_berries":3,"minecraft:mutton":31,"minecraft:rail":121,"minecraft:white_wool":88,"minecraft:oxeye_daisy":1,"minecraft:glow_ink_sac":7,"minecraft:crimson_stem":38,"minecraft:leather":52,"minecraft:red_mushroom_block":26,"minecraft:birch_planks":16,"minecraft:oak_log":8,"minecraft:cobblestone_wall":1,"minecraft:nether_wart_block":1,"minecraft:gunpowder":1,"minecraft:cobblestone_stairs":2,"minecraft:white_banner":4,"minecraft:stone_bricks":14,"minecraft:iron_ingot":2,"minecraft:iron_sword":1,"minecraft:soul_sand":14,"minecraft:smooth_basalt":20,"minecraft:pumpkin":9,"minecraft:stone_brick_slab":1,"minecraft:quartz":157,"minecraft:dandelion":9,"minecraft:spyglass":1,"minecraft:dripstone_block":21,"minecraft:gravel":304,"minecraft:amethyst_shard":30,"minecraft:white_bed":1,"minecraft:crying_obsidian":14,"minecraft:spider_eye":5,"minecraft:pumpkin_seeds":8,"minecraft:white_concrete_powder":1,"minecraft:stone_axe":2,"minecraft:iron_helmet":1,"minecraft:cherry_sapling":46,"minecraft:melon_seeds":2,"minecraft:black_wool":3,"minecraft:coal":357,"minecraft:hopper":2,"minecraft:ender_pearl":16},"minecraft:killed":{"minecraft:spider":15,"minecraft:skeleton":30,"minecraft:chicken":6,"minecraft:silverfish":1,"minecraft:pig":7,"minecraft:creeper":6,"minecraft:sheep":13,"minecraft:zombie":61,"minecraft:cow":29,"minecraft:phantom":4,"minecraft:horse":12,"minecraft:drowned":1,"minecraft:hoglin":4,"minecraft:enderman":1},"minecraft:killed_by":{"minecraft:creeper":1},"minecraft:dropped":{"minecraft:iron_sword":2,"minecraft:soul_sand":6,"minecraft:lapis_lazuli":87,"minecraft:baked_potato":64,"minecraft:diamond":23,"minecraft:cooked_porkchop":6,"minecraft:leather":18,"minecraft:flint":5,"minecraft:dirt":78,"minecraft:birch_fence":2,"minecraft:cherry_button":1,"minecraft:amethyst_shard":8,"minecraft:bone_meal":29,"minecraft:iron_pickaxe":5,"minecraft:white_wool":5,"minecraft:gold_ingot":99,"minecraft:bone":20,"minecraft:gravel":140,"minecraft:blackstone":8,"minecraft:sugar_cane":18,"minecraft:pink_bed":1,"minecraft:cobbled_deepslate":3,"minecraft:wheat":1,"minecraft:obsidian":13,"minecraft:pointed_dripstone":64,"minecraft:rotten_flesh":6,"minecraft:oak_fence_gate":2,"minecraft:soul_campfire":1,"minecraft:melon_seeds":2,"minecraft:hopper":2,"minecraft:leather_boots":2,"minecraft:arrow":6,"minecraft:beef":2,"minecraft:crying_obsidian":1,"minecraft:quartz":11,"minecraft:stone_brick_stairs":3,"minecraft:netherrack":52,"minecraft:egg":1,"minecraft:crimson_planks":1,"minecraft:water_bucket":2,"minecraft:enchanted_book":2,"minecraft:iron_ingot":1,"minecraft:bread":6,"minecraft:wheat_seeds":106,"minecraft:minecart":3,"minecraft:dripstone_block":7,"minecraft:feather":6,"minecraft:oak_fence":2,"minecraft:iron_helmet":1,"minecraft:cobblestone":96,"minecraft:spectral_arrow":1,"minecraft:amethyst_block":25,"minecraft:granite":12,"minecraft:grass_block":1,"minecraft:polished_andesite":8,"minecraft:stick":45,"minecraft:diorite":7,"minecraft:torch":160,"minecraft:leather_horse_armor":1,"minecraft:white_concrete":68,"minecraft:brown_wool":1,"minecraft:iron_axe":3,"minecraft:iron_shovel":1,"minecraft:string":4,"minecraft:pink_petals":993,"minecraft:stone_brick_slab":1,"minecraft:redstone":1,"minecraft:stone_sword":1,"minecraft:raw_copper":103,"minecraft:tuff":52,"minecraft:light_gray_wool":1,"minecraft:iron_boots":3,"minecraft:stone_slab":1,"minecraft:flint_and_steel":4,"minecraft:deepslate_bricks":1,"minecraft:diamond_sword":2,"minecraft:potato":2,"minecraft:diamond_chestplate":2,"minecraft:diamond_pickaxe":4,"minecraft:iron_chestplate":1,"minecraft:andesite":4,"minecraft:spider_eye":3,"minecraft:bamboo":1,"minecraft:wooden_pickaxe":1,"minecraft:raw_gold":1,"minecraft:calcite":7},"minecraft:crafted":{"minecraft:red_stained_glass_pane":8,"minecraft:oak_planks":32,"minecraft:cobblestone_slab":12,"minecraft:barrel":11,"minecraft:cherry_slab":48,"minecraft:leather_horse_armor":1,"minecraft:pink_bed":1,"minecraft:cooked_chicken":5,"minecraft:crimson_sign":6,"minecraft:birch_slab":18,"minecraft:lightning_rod":1,"minecraft:cherry_boat":1,"minecraft:loom":1,"minecraft:stone":391,"minecraft:diamond_shovel":1,"minecraft:nether_brick":88,"minecraft:bookshelf":6,"minecraft:heavy_weighted_pressure_plate":3,"minecraft:cooked_mutton":14,"minecraft:quartz_pillar":4,"minecraft:quartz_block":30,"minecraft:glass":203,"minecraft:hopper":13,"minecraft:diamond_leggings":1,"minecraft:iron_boots":1,"minecraft:polished_blackstone":12,"minecraft:chest":37,"minecraft:iron_door":3,"minecraft:stone_hoe":1,"minecraft:stone_bricks":208,"minecraft:cherry_fence":3,"minecraft:honeycomb_block":3,"minecraft:pink_stained_glass":64,"minecraft:white_banner":4,"minecraft:item_frame":1,"minecraft:wooden_shovel":1,"minecraft:cauldron":1,"minecraft:cooked_porkchop":11,"minecraft:soul_campfire":2,"minecraft:diamond_axe":1,"minecraft:crafting_table":53,"minecraft:iron_helmet":2,"minecraft:wooden_pickaxe":1,"minecraft:baked_potato":232,"minecraft:cherry_button":4,"minecraft:smithing_table":1,"minecraft:nether_brick_fence":6,"minecraft:copper_ingot":21,"minecraft:pumpkin_seeds":44,"minecraft:cartography_table":1,"minecraft:iron_chestplate":1,"minecraft:book":21,"minecraft:yellow_dye":2,"minecraft:paper":72,"minecraft:charcoal":15,"minecraft:diamond_pickaxe":5,"minecraft:pink_wool":3,"minecraft:shield":1,"minecraft:stick":364,"minecraft:iron_ingot":201,"minecraft:iron_pickaxe":5,"minecraft:iron_block":6,"minecraft:stone_sword":1,"minecraft:gold_ingot":92,"minecraft:light_gray_dye":3,"minecraft:composter":1,"minecraft:polished_blackstone_bricks":12,"minecraft:deepslate_bricks":816,"minecraft:shears":1,"minecraft:polished_andesite":84,"minecraft:cherry_planks":1012,"minecraft:wooden_sword":1,"minecraft:oak_door":3,"minecraft:stone_shovel":1,"minecraft:fishing_rod":1,"minecraft:jukebox":1,"minecraft:leather_boots":1,"minecraft:diamond_hoe":1,"minecraft:furnace":1,"minecraft:bone_meal":75,"minecraft:pink_dye":309,"minecraft:flint_and_steel":4,"minecraft:glass_pane":176,"minecraft:cherry_trapdoor":2,"minecraft:polished_deepslate":816,"minecraft:iron_axe":1,"minecraft:stone_pickaxe":3,"minecraft:cobblestone_wall":246,"minecraft:quartz_slab":90,"minecraft:redstone_block":54,"minecraft:golden_helmet":3,"minecraft:minecart":3,"minecraft:wheat":208,"minecraft:cooked_beef":2,"minecraft:sugar":8,"minecraft:red_dye":39,"minecraft:crimson_planks":128,"minecraft:diamond_sword":1,"minecraft:polished_blackstone_brick_slab":24,"minecraft:enchanting_table":1,"minecraft:crimson_slab":126,"minecraft:iron_sword":2,"minecraft:nether_bricks":23,"minecraft:golden_shovel":1,"minecraft:bucket":2,"minecraft:stone_axe":1,"minecraft:deepslate_tiles":812,"minecraft:amethyst_block":5,"minecraft:orange_dye":6,"minecraft:air":0,"minecraft:bread":69,"minecraft:oak_fence_gate":2,"minecraft:pink_stained_glass_pane":328,"minecraft:wooden_axe":1,"minecraft:iron_shovel":3,"minecraft:deepslate_tile_stairs":80,"minecraft:iron_leggings":1,"minecraft:anvil":1,"minecraft:white_bed":1,"minecraft:andesite":68,"minecraft:note_block":1,"minecraft:torch":1060,"minecraft:clay":1,"minecraft:firework_rocket":3,"minecraft:diamond_chestplate":2},"minecraft:broken":{"minecraft:wooden_shovel":1,"minecraft:iron_boots":1,"minecraft:stone_pickaxe":3,"minecraft:wooden_sword":1,"minecraft:stone_axe":1,"minecraft:wooden_axe":1,"minecraft:stone_shovel":1,"minecraft:iron_pickaxe":4},"minecraft:mined":{"minecraft:white_bed":1,"minecraft:farmland":1,"minecraft:cherry_log":250,"minecraft:sculk_vein":9,"minecraft:cobblestone_stairs":2,"minecraft:obsidian":18,"minecraft:cave_vines_plant":3,"minecraft:granite":48,"minecraft:budding_amethyst":5,"minecraft:grass_block":1180,"minecraft:white_concrete":50,"minecraft:deepslate_tile_stairs":5,"minecraft:composter":2,"minecraft:hopper":1,"minecraft:weeping_vines_plant":4,"minecraft:tall_seagrass":19,"minecraft:magma_block":49,"minecraft:iron_ore":108,"minecraft:fire":4,"minecraft:cobbled_deepslate":4,"minecraft:anvil":1,"minecraft:deepslate_lapis_ore":13,"minecraft:pumpkin":11,"minecraft:fletching_table":3,"minecraft:pointed_dripstone":56,"minecraft:red_tulip":8,"minecraft:potted_dandelion":1,"minecraft:cave_vines":1,"minecraft:dirt_path":13,"minecraft:small_amethyst_bud":1,"minecraft:quartz_slab":6,"minecraft:deepslate_redstone_ore":122,"minecraft:crimson_nylium":30,"minecraft:amethyst_cluster":13,"minecraft:clay":2,"minecraft:torch":39,"minecraft:note_block":2,"minecraft:calcite":22,"minecraft:poppy":1,"minecraft:melon":5,"minecraft:chest":1,"minecraft:mushroom_stem":3,"minecraft:nether_quartz_ore":133,"minecraft:cobblestone":26,"minecraft:oak_planks":10,"minecraft:sugar_cane":141,"minecraft:iron_door":4,"minecraft:wall_torch":42,"minecraft:amethyst_block":50,"minecraft:cherry_slab":6,"minecraft:pink_petals":600,"minecraft:seagrass":8,"minecraft:nether_wart_block":1,"minecraft:wheat":29,"minecraft:pumpkin_stem":3,"minecraft:birch_door":2,"minecraft:orange_tulip":6,"minecraft:stone_brick_stairs":3,"minecraft:oak_log":5,"minecraft:beetroots":7,"minecraft:loom":1,"minecraft:sand":79,"minecraft:dirt":805,"minecraft:crimson_planks":1,"minecraft:smooth_basalt":19,"minecraft:red_mushroom_block":26,"minecraft:stonecutter":2,"minecraft:netherrack":627,"minecraft:deepslate":982,"minecraft:oak_leaves":66,"minecraft:infested_deepslate":2,"minecraft:nether_gold_ore":42,"minecraft:deepslate_tiles":17,"minecraft:crying_obsidian":1,"minecraft:tuff":126,"minecraft:mossy_cobblestone":2,"minecraft:deepslate_diamond_ore":39,"minecraft:oak_door":1,"minecraft:cherry_sapling":7,"minecraft:glow_lichen":2,"minecraft:crimson_roots":8,"minecraft:weeping_vines":1,"minecraft:soul_campfire":1,"minecraft:birch_slab":3,"minecraft:cartography_table":1,"minecraft:crimson_stem":41,"minecraft:white_concrete_powder":1,"minecraft:hay_block":27,"minecraft:heavy_weighted_pressure_plate":4,"minecraft:furnace":8,"minecraft:carrots":46,"minecraft:andesite":50,"minecraft:peony":12,"minecraft:gold_block":3,"minecraft:cobblestone_slab":1,"minecraft:potatoes":152,"minecraft:shroomlight":19,"minecraft:deepslate_iron_ore":56,"minecraft:rail":125,"minecraft:bamboo":207,"minecraft:white_tulip":7,"minecraft:stone":1147,"minecraft:white_wool":9,"minecraft:smithing_table":1,"minecraft:cherry_planks":32,"minecraft:stone_brick_slab":3,"minecraft:dandelion":2,"minecraft:oak_fence":2,"minecraft:crafting_table":4,"minecraft:short_grass":419,"minecraft:rose_bush":17,"minecraft:stone_slab":1,"minecraft:lightning_rod":1,"minecraft:copper_ore":36,"minecraft:tall_grass":63,"minecraft:lapis_ore":4,"minecraft:deepslate_gold_ore":40,"minecraft:sculk":61,"minecraft:diorite":144,"minecraft:birch_planks":16,"minecraft:cobblestone_wall":1,"minecraft:birch_leaves":15,"minecraft:quartz_pillar":1,"minecraft:white_wall_banner":2,"minecraft:yellow_bed":1,"minecraft:coal_ore":311,"minecraft:gravel":215,"minecraft:cherry_leaves":300,"minecraft:pink_stained_glass_pane":13,"minecraft:dripstone_block":15,"minecraft:cobweb":11,"minecraft:cracked_stone_bricks":5,"minecraft:stone_bricks":16,"minecraft:mossy_stone_bricks":1,"minecraft:gold_ore":15,"minecraft:birch_fence":8,"minecraft:fern":9}},"DataVersion":3700}