{"stats":{"minecraft:broken":{"minecraft:wooden_shovel":1,"minecraft:stone_pickaxe":3,"minecraft:wooden_sword":1,"minecraft:stone_axe":1,"minecraft:wooden_axe":1,"minecraft:stone_shovel":1,"minecraft:iron_pickaxe":4},"minecraft:mined":{"minecraft:cherry_log":109,"minecraft:sculk_vein":9,"minecraft:obsidian":18,"minecraft:granite":27,"minecraft:budding_amethyst":5,"minecraft:grass_block":139,"minecraft:deepslate_tile_stairs":5,"minecraft:composter":2,"minecraft:weeping_vines_plant":3,"minecraft:tall_seagrass":19,"minecraft:magma_block":49,"minecraft:fire":3,"minecraft:iron_ore":80,"minecraft:cobbled_deepslate":4,"minecraft:pumpkin":11,"minecraft:fletching_table":1,"minecraft:deepslate_lapis_ore":9,"minecraft:potted_dandelion":1,"minecraft:red_tulip":8,"minecraft:pointed_dripstone":44,"minecraft:small_amethyst_bud":1,"minecraft:deepslate_redstone_ore":114,"minecraft:crimson_nylium":18,"minecraft:amethyst_cluster":13,"minecraft:clay":2,"minecraft:torch":15,"minecraft:calcite":22,"minecraft:poppy":1,"minecraft:nether_quartz_ore":81,"minecraft:cobblestone":11,"minecraft:sugar_cane":9,"minecraft:oak_planks":10,"minecraft:iron_door":2,"minecraft:wall_torch":21,"minecraft:amethyst_block":50,"minecraft:cherry_slab":1,"minecraft:pink_petals":136,"minecraft:seagrass":8,"minecraft:nether_wart_block":1,"minecraft:wheat":29,"minecraft:birch_door":2,"minecraft:orange_tulip":6,"minecraft:stone_brick_stairs":3,"minecraft:oak_log":5,"minecraft:beetroots":7,"minecraft:sand":79,"minecraft:dirt":303,"minecraft:smooth_basalt":19,"minecraft:stonecutter":1,"minecraft:netherrack":400,"minecraft:oak_leaves":23,"minecraft:deepslate":434,"minecraft:nether_gold_ore":8,"minecraft:deepslate_tiles":1,"minecraft:crying_obsidian":1,"minecraft:tuff":102,"minecraft:mossy_cobblestone":2,"minecraft:deepslate_diamond_ore":24,"minecraft:oak_door":1,"minecraft:cherry_sapling":4,"minecraft:glow_lichen":1,"minecraft:crimson_roots":7,"minecraft:crimson_stem":38,"minecraft:hay_block":27,"minecraft:heavy_weighted_pressure_plate":1,"minecraft:carrots":46,"minecraft:andesite":6,"minecraft:gold_block":3,"minecraft:peony":12,"minecraft:potatoes":47,"minecraft:deepslate_iron_ore":48,"minecraft:shroomlight":13,"minecraft:cobblestone_slab":1,"minecraft:rail":125,"minecraft:stone":579,"minecraft:white_tulip":7,"minecraft:smithing_table":1,"minecraft:cherry_planks":6,"minecraft:stone_brick_slab":3,"minecraft:dandelion":2,"minecraft:oak_fence":2,"minecraft:crafting_table":4,"minecraft:short_grass":180,"minecraft:rose_bush":17,"minecraft:stone_slab":1,"minecraft:lightning_rod":1,"minecraft:tall_grass":49,"minecraft:copper_ore":20,"minecraft:lapis_ore":2,"minecraft:deepslate_gold_ore":20,"minecraft:sculk":61,"minecraft:diorite":40,"minecraft:birch_planks":9,"minecraft:birch_leaves":13,"minecraft:yellow_bed":1,"minecraft:white_wall_banner":2,"minecraft:coal_ore":179,"minecraft:cherry_leaves":122,"minecraft:pink_stained_glass_pane":2,"minecraft:gravel":101,"minecraft:dripstone_block":12,"minecraft:cobweb":11,"minecraft:cracked_stone_bricks":5,"minecraft:stone_bricks":4,"minecraft:mossy_stone_bricks":1,"minecraft:gold_ore":15},"minecraft:dropped":{"minecraft:iron_sword":1,"minecraft:soul_sand":6,"minecraft:lapis_lazuli":87,"minecraft:baked_potato":3,"minecraft:diamond":3,"minecraft:cooked_porkchop":6,"minecraft:leather":2,"minecraft:dirt":77,"minecraft:amethyst_shard":8,"minecraft:bone_meal":29,"minecraft:iron_pickaxe":3,"minecraft:white_wool":5,"minecraft:gold_ingot":57,"minecraft:bone":14,"minecraft:gravel":41,"minecraft:blackstone":8,"minecraft:pink_bed":1,"minecraft:cobbled_deepslate":3,"minecraft:obsidian":13,"minecraft:pointed_dripstone":64,"minecraft:rotten_flesh":2,"minecraft:oak_fence_gate":2,"minecraft:soul_campfire":1,"minecraft:melon_seeds":2,"minecraft:leather_boots":2,"minecraft:arrow":2,"minecraft:beef":2,"minecraft:crying_obsidian":1,"minecraft:quartz":11,"minecraft:netherrack":44,"minecraft:egg":1,"minecraft:water_bucket":1,"minecraft:iron_ingot":1,"minecraft:wheat_seeds":22,"minecraft:minecart":3,"minecraft:dripstone_block":7,"minecraft:iron_helmet":1,"minecraft:oak_fence":2,"minecraft:feather":6,"minecraft:cobblestone":88,"minecraft:amethyst_block":25,"minecraft:granite":11,"minecraft:stick":24,"minecraft:diorite":7,"minecraft:torch":160,"minecraft:leather_horse_armor":1,"minecraft:brown_wool":1,"minecraft:iron_axe":3,"minecraft:iron_shovel":1,"minecraft:string":4,"minecraft:pink_petals":277,"minecraft:stone_brick_slab":1,"minecraft:redstone":1,"minecraft:stone_sword":1,"minecraft:raw_copper":103,"minecraft:tuff":29,"minecraft:light_gray_wool":1,"minecraft:iron_boots":3,"minecraft:stone_slab":1,"minecraft:flint_and_steel":4,"minecraft:diamond_sword":1,"minecraft:potato":1,"minecraft:diamond_pickaxe":2,"minecraft:iron_chestplate":1,"minecraft:andesite":1,"minecraft:spider_eye":3,"minecraft:wooden_pickaxe":1,"minecraft:raw_gold":1,"minecraft:calcite":7},"minecraft:killed_by":{"minecraft:creeper":1},"minecraft:killed":{"minecraft:spider":11,"minecraft:skeleton":16,"minecraft:chicken":5,"minecraft:pig":7,"minecraft:creeper":4,"minecraft:sheep":13,"minecraft:zombie":42,"minecraft:cow":26,"minecraft:phantom":2,"minecraft:horse":6,"minecraft:drowned":1,"minecraft:hoglin":4},"minecraft:custom":{"minecraft:animals_bred":1,"minecraft:interact_with_crafting_table":58,"minecraft:leave_game":5,"minecraft:time_since_death":498402,"minecraft:sprint_one_cm":874518,"minecraft:damage_blocked_by_shield":271,"minecraft:drop":270,"minecraft:talked_to_villager":10,"minecraft:play_time":538415,"minecraft:deaths":2,"minecraft:jump":5056,"minecraft:walk_on_water_one_cm":86655,"minecraft:enchant_item":10,"minecraft:interact_with_furnace":85,"minecraft:interact_with_cartography_table":3,"minecraft:interact_with_loom":6,"minecraft:sleep_in_bed":8,"minecraft:damage_dealt":23019,"minecraft:player_kills":1,"minecraft:crouch_one_cm":83964,"minecraft:interact_with_smithing_table":4,"minecraft:interact_with_anvil":1,"minecraft:mob_kills":153,"minecraft:climb_one_cm":13458,"minecraft:walk_one_cm":1874469,"minecraft:sneak_time":34472,"minecraft:walk_under_water_one_cm":72447,"minecraft:total_world_time":538415,"minecraft:tune_noteblock":22,"minecraft:interact_with_stonecutter":4,"minecraft:time_since_rest":204649,"minecraft:damage_taken":4855,"minecraft:minecart_one_cm":23013,"minecraft:swim_one_cm":18620,"minecraft:fly_one_cm":250888,"minecraft:open_chest":223,"minecraft:fish_caught":2,"minecraft:fall_one_cm":73656},"minecraft:used":{"minecraft:cherry_sapling":8,"minecraft:iron_shovel":271,"minecraft:diamond_hoe":41,"minecraft:shield":12,"minecraft:iron_sword":9,"minecraft:rotten_flesh":30,"minecraft:soul_campfire":1,"minecraft:mutton":3,"minecraft:carrot":22,"minecraft:weeping_vines":4,"minecraft:lava_bucket":4,"minecraft:grass_block":1,"minecraft:birch_sapling":2,"minecraft:cherry_leaves":6,"minecraft:cherry_button":4,"minecraft:red_stained_glass_pane":8,"minecraft:bow":14,"minecraft:oak_sapling":1,"minecraft:furnace":1,"minecraft:egg":5,"minecraft:potato":56,"minecraft:short_grass":10,"minecraft:diorite":7,"minecraft:stone_pickaxe":408,"minecraft:blackstone":4,"minecraft:wooden_pickaxe":29,"minecraft:composter":3,"minecraft:diamond_axe":64,"minecraft:glow_berries":4,"minecraft:loom":1,"minecraft:note_block":1,"minecraft:dripstone_block":5,"minecraft:lightning_rod":1,"minecraft:deepslate_tiles":59,"minecraft:firework_rocket":3,"minecraft:birch_slab":11,"minecraft:heavy_weighted_pressure_plate":4,"minecraft:bread":3,"minecraft:iron_door":4,"minecraft:gravel":12,"minecraft:diamond_sword":394,"minecraft:fire_charge":1,"minecraft:wooden_sword":89,"minecraft:smithing_table":1,"minecraft:bone_meal":3,"minecraft:enchanting_table":1,"minecraft:stone_sword":132,"minecraft:flint_and_steel":8,"minecraft:stone_shovel":131,"minecraft:wooden_shovel":64,"minecraft:stone_hoe":108,"minecraft:netherrack":136,"minecraft:oak_door":2,"minecraft:torch":799,"minecraft:dirt":1145,"minecraft:anvil":1,"minecraft:cobblestone_wall":127,"minecraft:shroomlight":11,"minecraft:wooden_axe":97,"minecraft:bookshelf":1,"minecraft:iron_axe":162,"minecraft:cherry_slab":25,"minecraft:cherry_trapdoor":2,"minecraft:iron_boots":1,"minecraft:pink_stained_glass_pane":153,"minecraft:crimson_planks":20,"minecraft:smooth_basalt":2,"minecraft:beef":10,"minecraft:deepslate_tile_stairs":76,"minecraft:minecart":2,"minecraft:cooked_beef":2,"minecraft:cobbled_deepslate":16,"minecraft:cherry_fence":3,"minecraft:iron_leggings":1,"minecraft:pointed_dripstone":1,"minecraft:cooked_mutton":14,"minecraft:water_bucket":83,"minecraft:amethyst_block":31,"minecraft:polished_andesite":12,"minecraft:baked_potato":32,"minecraft:cartography_table":1,"minecraft:cherry_planks":107,"minecraft:stonecutter":1,"minecraft:cobblestone_slab":13,"minecraft:rail":110,"minecraft:crafting_table":12,"minecraft:cod":2,"minecraft:diamond_pickaxe":1331,"minecraft:chicken":2,"minecraft:iron_pickaxe":1005,"minecraft:stone_axe":78,"minecraft:pink_petals":39,"minecraft:fishing_rod":13,"minecraft:cobblestone":128,"minecraft:porkchop":6,"minecraft:white_banner":8,"minecraft:cooked_porkchop":10,"minecraft:bucket":89},"minecraft:picked_up":{"minecraft:wooden_axe":2,"minecraft:seagrass":33,"minecraft:iron_chestplate":1,"minecraft:birch_door":2,"minecraft:wheat":2,"minecraft:flower_pot":1,"minecraft:smithing_table":1,"minecraft:stone_slab":1,"minecraft:diamond_sword":1,"minecraft:enchanted_book":1,"minecraft:nether_brick":10,"minecraft:stone_brick_stairs":3,"minecraft:amethyst_block":70,"minecraft:string":29,"minecraft:raw_copper":124,"minecraft:shroomlight":11,"minecraft:deepslate_tiles":1,"minecraft:gold_nugget":33,"minecraft:cobbled_deepslate":342,"minecraft:bucket":1,"minecraft:white_tulip":3,"minecraft:rose_bush":15,"minecraft:cobblestone_slab":1,"minecraft:calcite":23,"minecraft:iron_pickaxe":5,"minecraft:iron_boots":3,"minecraft:stick":41,"minecraft:composter":2,"minecraft:oak_fence":2,"minecraft:torch":126,"minecraft:porkchop":24,"minecraft:lightning_rod":1,"minecraft:cherry_log":102,"minecraft:pointed_dripstone":55,"minecraft:diorite":17,"minecraft:deepslate_tile_stairs":4,"minecraft:stone_sword":1,"minecraft:rotten_flesh":40,"minecraft:red_tulip":8,"minecraft:obsidian":18,"minecraft:cod":2,"minecraft:cobblestone":393,"minecraft:pink_petals":504,"minecraft:magma_block":44,"minecraft:feather":10,"minecraft:cherry_planks":12,"minecraft:iron_door":2,"minecraft:water_bucket":1,"minecraft:andesite":7,"minecraft:brown_wool":1,"minecraft:potato":89,"minecraft:flint":4,"minecraft:tuff":29,"minecraft:lapis_lazuli":108,"minecraft:dirt":503,"minecraft:leather_boots":1,"minecraft:bone":38,"minecraft:stonecutter":1,"minecraft:bow":1,"minecraft:wheat_seeds":48,"minecraft:orange_tulip":6,"minecraft:raw_gold":34,"minecraft:fletching_table":1,"minecraft:oak_planks":10,"minecraft:cooked_porkchop":5,"minecraft:pink_stained_glass_pane":64,"minecraft:sand":77,"minecraft:grass_block":1,"minecraft:spectral_arrow":26,"minecraft:diamond":24,"minecraft:granite":11,"minecraft:oak_sapling":1,"minecraft:cherry_slab":1,"minecraft:netherrack":387,"minecraft:crimson_roots":6,"minecraft:diamond_pickaxe":1,"minecraft:crafting_table":4,"minecraft:chicken":8,"minecraft:chest_minecart":1,"minecraft:wooden_pickaxe":1,"minecraft:gold_block":3,"minecraft:heavy_weighted_pressure_plate":1,"minecraft:iron_axe":3,"minecraft:wooden_sword":1,"minecraft:flint_and_steel":1,"minecraft:blackstone":39,"minecraft:cracked_stone_bricks":4,"minecraft:detector_rail":5,"minecraft:beef":58,"minecraft:iron_nugget":21,"minecraft:poppy":4,"minecraft:light_gray_wool":1,"minecraft:minecart":3,"minecraft:sugar_cane":27,"minecraft:birch_sapling":5,"minecraft:egg":8,"minecraft:raw_iron":138,"minecraft:oak_door":2,"minecraft:fire_charge":1,"minecraft:carrot":100,"minecraft:redstone":493,"minecraft:weeping_vines":4,"minecraft:arrow":21,"minecraft:peony":10,"minecraft:shears":1,"minecraft:hay_block":27,"minecraft:gold_ingot":4,"minecraft:mutton":28,"minecraft:rail":121,"minecraft:white_wool":79,"minecraft:oxeye_daisy":1,"minecraft:crimson_stem":35,"minecraft:leather":35,"minecraft:birch_planks":9,"minecraft:oak_log":8,"minecraft:nether_wart_block":1,"minecraft:gunpowder":1,"minecraft:white_banner":4,"minecraft:stone_bricks":3,"minecraft:iron_ingot":2,"minecraft:iron_sword":1,"minecraft:soul_sand":14,"minecraft:smooth_basalt":20,"minecraft:pumpkin":9,"minecraft:stone_brick_slab":1,"minecraft:quartz":76,"minecraft:dandelion":9,"minecraft:spyglass":1,"minecraft:dripstone_block":19,"minecraft:gravel":196,"minecraft:amethyst_shard":30,"minecraft:crying_obsidian":9,"minecraft:spider_eye":4,"minecraft:stone_axe":1,"minecraft:iron_helmet":1,"minecraft:cherry_sapling":13,"minecraft:melon_seeds":2,"minecraft:black_wool":2,"minecraft:coal":227,"minecraft:ender_pearl":9},"minecraft:crafted":{"minecraft:red_stained_glass_pane":8,"minecraft:oak_planks":32,"minecraft:cobblestone_slab":12,"minecraft:cherry_slab":24,"minecraft:leather_horse_armor":1,"minecraft:pink_bed":1,"minecraft:cooked_chicken":4,"minecraft:crimson_sign":6,"minecraft:lightning_rod":1,"minecraft:birch_slab":18,"minecraft:loom":1,"minecraft:stone":83,"minecraft:diamond_shovel":1,"minecraft:bookshelf":1,"minecraft:heavy_weighted_pressure_plate":3,"minecraft:cooked_mutton":14,"minecraft:glass":152,"minecraft:iron_boots":1,"minecraft:polished_blackstone":12,"minecraft:iron_door":3,"minecraft:stone_hoe":1,"minecraft:stone_bricks":12,"minecraft:cherry_fence":3,"minecraft:honeycomb_block":3,"minecraft:pink_stained_glass":64,"minecraft:white_banner":4,"minecraft:wooden_shovel":1,"minecraft:soul_campfire":2,"minecraft:cooked_porkchop":11,"minecraft:diamond_axe":1,"minecraft:crafting_table":10,"minecraft:iron_helmet":1,"minecraft:wooden_pickaxe":1,"minecraft:baked_potato":38,"minecraft:cherry_button":4,"minecraft:smithing_table":1,"minecraft:copper_ingot":21,"minecraft:pumpkin_seeds":8,"minecraft:cartography_table":1,"minecraft:yellow_dye":2,"minecraft:book":4,"minecraft:iron_chestplate":1,"minecraft:charcoal":15,"minecraft:paper":15,"minecraft:diamond_pickaxe":4,"minecraft:pink_wool":3,"minecraft:shield":1,"minecraft:stick":316,"minecraft:iron_ingot":138,"minecraft:iron_pickaxe":2,"minecraft:iron_block":3,"minecraft:stone_sword":1,"minecraft:gold_ingot":63,"minecraft:light_gray_dye":3,"minecraft:composter":1,"minecraft:polished_blackstone_bricks":12,"minecraft:deepslate_bricks":256,"minecraft:shears":1,"minecraft:polished_andesite":12,"minecraft:cherry_planks":364,"minecraft:wooden_sword":1,"minecraft:oak_door":3,"minecraft:stone_shovel":1,"minecraft:fishing_rod":1,"minecraft:leather_boots":1,"minecraft:diamond_hoe":1,"minecraft:furnace":1,"minecraft:bone_meal":60,"minecraft:pink_dye":309,"minecraft:glass_pane":176,"minecraft:flint_and_steel":4,"minecraft:cherry_trapdoor":2,"minecraft:polished_deepslate":256,"minecraft:iron_axe":1,"minecraft:stone_pickaxe":3,"minecraft:cobblestone_wall":174,"minecraft:redstone_block":54,"minecraft:golden_helmet":2,"minecraft:minecart":3,"minecraft:cooked_beef":2,"minecraft:sugar":8,"minecraft:red_dye":39,"minecraft:crimson_planks":116,"minecraft:diamond_sword":1,"minecraft:polished_blackstone_brick_slab":24,"minecraft:enchanting_table":1,"minecraft:iron_sword":1,"minecraft:nether_bricks":1,"minecraft:bucket":2,"minecraft:deepslate_tiles":256,"minecraft:stone_axe":1,"minecraft:amethyst_block":5,"minecraft:orange_dye":6,"minecraft:air":0,"minecraft:oak_fence_gate":2,"minecraft:pink_stained_glass_pane":328,"minecraft:wooden_axe":1,"minecraft:iron_shovel":2,"minecraft:iron_leggings":1,"minecraft:deepslate_tile_stairs":80,"minecraft:anvil":1,"minecraft:note_block":1,"minecraft:andesite":6,"minecraft:torch":900,"minecraft:firework_rocket":3}},"DataVersion":3700}