{"stats":{"minecraft:used":{"minecraft:iron_shovel":891,"minecraft:stone_shovel":407,"minecraft:chest":4,"minecraft:shield":5,"minecraft:iron_sword":27,"minecraft:rotten_flesh":9,"minecraft:torch":40,"minecraft:dirt":214,"minecraft:granite":5,"minecraft:iron_axe":255,"minecraft:iron_helmet":1,"minecraft:iron_boots":1,"minecraft:oak_sapling":22,"minecraft:furnace":5,"minecraft:cherry_log":2,"minecraft:iron_leggings":1,"minecraft:cooked_mutton":4,"minecraft:water_bucket":16,"minecraft:diorite":13,"minecraft:birch_planks":209,"minecraft:stone_pickaxe":596,"minecraft:oak_planks":215,"minecraft:wooden_pickaxe":8,"minecraft:blue_bed":6,"minecraft:oak_leaves":36,"minecraft:crafting_table":6,"minecraft:birch_sign":2,"minecraft:white_bed":2,"minecraft:shears":52,"minecraft:oak_log":15,"minecraft:iron_pickaxe":34,"minecraft:stone_axe":147,"minecraft:cobblestone":97,"minecraft:cooked_porkchop":7,"minecraft:bucket":17,"minecraft:cooked_rabbit":1,"minecraft:andesite":14,"minecraft:bone_meal":12},"minecraft:mined":{"minecraft:white_bed":1,"minecraft:cherry_log":182,"minecraft:granite":27,"minecraft:grass_block":733,"minecraft:oxeye_daisy":1,"minecraft:furnace":1,"minecraft:iron_ore":60,"minecraft:andesite":14,"minecraft:pointed_dripstone":1,"minecraft:dirt_path":1,"minecraft:stone":348,"minecraft:crafting_table":2,"minecraft:short_grass":47,"minecraft:emerald_ore":1,"minecraft:tall_grass":22,"minecraft:copper_ore":7,"minecraft:cobblestone":7,"minecraft:lapis_ore":1,"minecraft:diorite":13,"minecraft:blue_bed":5,"minecraft:wall_torch":1,"minecraft:pink_petals":90,"minecraft:birch_planks":4,"minecraft:birch_log":64,"minecraft:birch_leaves":12,"minecraft:oak_log":74,"minecraft:coal_ore":134,"minecraft:cherry_leaves":40,"minecraft:gravel":11,"minecraft:dripstone_block":4,"minecraft:dirt":557,"minecraft:oak_leaves":69},"minecraft:killed":{"minecraft:spider":1,"minecraft:skeleton":6,"minecraft:pig":8,"minecraft:rabbit":1,"minecraft:sheep":5,"minecraft:zombie":4},"minecraft:broken":{"minecraft:iron_shovel":3,"minecraft:stone_pickaxe":4,"minecraft:iron_axe":1,"minecraft:stone_axe":1,"minecraft:stone_shovel":3},"minecraft:crafted":{"minecraft:cherry_planks":88,"minecraft:oak_planks":216,"minecraft:stone_shovel":3,"minecraft:pink_bed":1,"minecraft:furnace":4,"minecraft:bone_meal":12,"minecraft:pink_dye":5,"minecraft:cooked_mutton":4,"minecraft:iron_boots":1,"minecraft:iron_axe":1,"minecraft:stone_pickaxe":5,"minecraft:chest":4,"minecraft:cooked_rabbit":1,"minecraft:birch_sign":3,"minecraft:cooked_porkchop":7,"minecraft:crafting_table":4,"minecraft:wooden_pickaxe":1,"minecraft:iron_helmet":1,"minecraft:iron_sword":1,"minecraft:blue_bed":1,"minecraft:bucket":1,"minecraft:birch_planks":224,"minecraft:stone_axe":2,"minecraft:air":0,"minecraft:blue_dye":1,"minecraft:iron_chestplate":1,"minecraft:charcoal":22,"minecraft:shield":1,"minecraft:stick":20,"minecraft:iron_ingot":57,"minecraft:iron_pickaxe":1,"minecraft:iron_shovel":4,"minecraft:iron_leggings":1,"minecraft:white_bed":3,"minecraft:torch":40,"minecraft:shears":1},"minecraft:custom":{"minecraft:mob_kills":25,"minecraft:interact_with_crafting_table":47,"minecraft:leave_game":2,"minecraft:time_since_death":167216,"minecraft:sprint_one_cm":445400,"minecraft:walk_one_cm":640894,"minecraft:damage_blocked_by_shield":166,"minecraft:drop":20,"minecraft:play_time":186507,"minecraft:deaths":2,"minecraft:sneak_time":3763,"minecraft:walk_under_water_one_cm":5591,"minecraft:jump":1790,"minecraft:walk_on_water_one_cm":7274,"minecraft:total_world_time":186507,"minecraft:interact_with_furnace":55,"minecraft:sleep_in_bed":13,"minecraft:time_since_rest":6144,"minecraft:damage_taken":1137,"minecraft:damage_dealt":2863,"minecraft:fly_one_cm":113809,"minecraft:open_chest":21,"minecraft:crouch_one_cm":10233,"minecraft:fall_one_cm":27484},"minecraft:dropped":{"minecraft:cobblestone":56,"minecraft:granite":1,"minecraft:oxeye_daisy":2,"minecraft:dirt":91,"minecraft:pink_petals":96,"minecraft:dandelion":5,"minecraft:gravel":1,"minecraft:furnace":1,"minecraft:pink_bed":1,"minecraft:poppy":1,"minecraft:wooden_pickaxe":2,"minecraft:arrow":4},"minecraft:killed_by":{"minecraft:skeleton":1,"minecraft:zombie":1},"minecraft:picked_up":{"minecraft:charcoal":4,"minecraft:crafting_table":2,"minecraft:wooden_pickaxe":4,"minecraft:cornflower":1,"minecraft:string":5,"minecraft:raw_copper":22,"minecraft:red_dye":1,"minecraft:poppy":1,"minecraft:birch_sapling":11,"minecraft:furnace":2,"minecraft:stick":62,"minecraft:raw_iron":59,"minecraft:torch":24,"minecraft:porkchop":18,"minecraft:cherry_log":183,"minecraft:diorite":13,"minecraft:arrow":11,"minecraft:rotten_flesh":22,"minecraft:mutton":7,"minecraft:white_wool":15,"minecraft:cobblestone":348,"minecraft:oxeye_daisy":2,"minecraft:birch_log":64,"minecraft:pink_petals":905,"minecraft:cherry_leaves":4,"minecraft:andesite":14,"minecraft:birch_planks":4,"minecraft:oak_log":74,"minecraft:blue_bed":5,"minecraft:lapis_lazuli":5,"minecraft:dirt":1071,"minecraft:bone":4,"minecraft:apple":5,"minecraft:wheat_seeds":18,"minecraft:stone_pickaxe":2,"minecraft:rabbit_hide":1,"minecraft:rabbit":1,"minecraft:dandelion":5,"minecraft:gravel":1,"minecraft:dripstone_block":1,"minecraft:white_bed":1,"minecraft:stone_axe":2,"minecraft:granite":27,"minecraft:cherry_sapling":100,"minecraft:emerald":1,"minecraft:oak_sapling":22,"minecraft:pink_dye":60,"minecraft:coal":134,"minecraft:oak_leaves":47}},"DataVersion":3700}