{"stats":{"minecraft:broken":{"minecraft:iron_shovel":4,"minecraft:stone_pickaxe":4,"minecraft:iron_axe":2,"minecraft:stone_axe":2,"minecraft:stone_shovel":3},"minecraft:mined":{"minecraft:white_bed":1,"minecraft:oak_door":7,"minecraft:cherry_log":182,"minecraft:obsidian":6,"minecraft:granite":27,"minecraft:grass_block":738,"minecraft:birch_slab":1,"minecraft:oxeye_daisy":1,"minecraft:oak_trapdoor":10,"minecraft:furnace":1,"minecraft:iron_ore":60,"minecraft:andesite":14,"minecraft:potatoes":18,"minecraft:pointed_dripstone":1,"minecraft:dirt_path":1,"minecraft:stone":393,"minecraft:oak_slab":1,"minecraft:birch_stairs":1,"minecraft:soul_fire":1,"minecraft:dandelion":6,"minecraft:clay":17,"minecraft:crafting_table":3,"minecraft:cornflower":9,"minecraft:torch":2,"minecraft:short_grass":75,"minecraft:emerald_ore":1,"minecraft:tall_grass":24,"minecraft:copper_ore":7,"minecraft:cobblestone":16,"minecraft:lapis_ore":1,"minecraft:oak_planks":81,"minecraft:diorite":13,"minecraft:wall_torch":1,"minecraft:blue_bed":5,"minecraft:birch_sapling":1,"minecraft:pink_petals":124,"minecraft:birch_planks":101,"minecraft:birch_log":137,"minecraft:birch_leaves":25,"minecraft:oak_log":292,"minecraft:coal_ore":134,"minecraft:sand":115,"minecraft:cherry_leaves":40,"minecraft:gravel":29,"minecraft:dripstone_block":4,"minecraft:dirt":780,"minecraft:birch_sign":1,"minecraft:birch_fence":1,"minecraft:oak_leaves":229},"minecraft:dropped":{"minecraft:blue_stained_glass_pane":8,"minecraft:birch_leaves":6,"minecraft:diamond":1,"minecraft:oak_fence":3,"minecraft:cobblestone":63,"minecraft:granite":1,"minecraft:birch_slab":4,"minecraft:stick":2,"minecraft:oxeye_daisy":2,"minecraft:dirt":93,"minecraft:yellow_dye":3,"minecraft:iron_axe":2,"minecraft:pink_petals":204,"minecraft:dandelion":5,"minecraft:oak_door":6,"minecraft:gravel":1,"minecraft:furnace":1,"minecraft:pink_bed":1,"minecraft:rotten_flesh":11,"minecraft:oak_planks":6,"minecraft:diamond_sword":1,"minecraft:poppy":1,"minecraft:oak_sapling":1,"minecraft:wooden_pickaxe":3,"minecraft:arrow":5},"minecraft:killed_by":{"minecraft:skeleton":1,"minecraft:zombie":1},"minecraft:killed":{"minecraft:spider":1,"minecraft:phantom":4,"minecraft:skeleton":8,"minecraft:chicken":2,"minecraft:pig":10,"minecraft:salmon":5,"minecraft:rabbit":3,"minecraft:sheep":12,"minecraft:pillager":1,"minecraft:zombie":15,"minecraft:enderman":1,"minecraft:cow":1},"minecraft:custom":{"minecraft:interact_with_smithing_table":1,"minecraft:mob_kills":63,"minecraft:interact_with_crafting_table":98,"minecraft:leave_game":8,"minecraft:time_since_death":488197,"minecraft:sprint_one_cm":1244291,"minecraft:damage_blocked_by_shield":464,"minecraft:walk_one_cm":1471335,"minecraft:drop":50,"minecraft:play_time":507488,"minecraft:deaths":2,"minecraft:sneak_time":6719,"minecraft:walk_under_water_one_cm":34720,"minecraft:jump":4760,"minecraft:walk_on_water_one_cm":41681,"minecraft:total_world_time":507488,"minecraft:interact_with_furnace":93,"minecraft:sleep_in_bed":16,"minecraft:time_since_rest":157012,"minecraft:damage_taken":2350,"minecraft:damage_dealt":7489,"minecraft:minecart_one_cm":11813,"minecraft:swim_one_cm":12675,"minecraft:fly_one_cm":408790,"minecraft:open_chest":100,"minecraft:crouch_one_cm":17951,"minecraft:fall_one_cm":82751},"minecraft:used":{"minecraft:oak_fence":6,"minecraft:oak_trapdoor":31,"minecraft:iron_shovel":1260,"minecraft:flint_and_steel":1,"minecraft:stone_shovel":407,"minecraft:chest":6,"minecraft:shield":8,"minecraft:iron_sword":108,"minecraft:cooked_salmon":4,"minecraft:cooked_chicken":1,"minecraft:rotten_flesh":9,"minecraft:oak_door":9,"minecraft:torch":47,"minecraft:dirt":477,"minecraft:spyglass":12,"minecraft:yellow_carpet":2,"minecraft:granite":5,"minecraft:obsidian":15,"minecraft:glass":15,"minecraft:lantern":5,"minecraft:iron_axe":727,"minecraft:birch_sapling":14,"minecraft:iron_helmet":1,"minecraft:iron_boots":1,"minecraft:oak_sapling":40,"minecraft:furnace":5,"minecraft:minecart":1,"minecraft:potato":18,"minecraft:cooked_beef":1,"minecraft:cherry_log":2,"minecraft:iron_leggings":1,"minecraft:cooked_mutton":11,"minecraft:water_bucket":50,"minecraft:diorite":13,"minecraft:birch_planks":589,"minecraft:stone_pickaxe":598,"minecraft:oak_planks":413,"minecraft:wooden_pickaxe":8,"minecraft:composter":3,"minecraft:blue_bed":6,"minecraft:oak_leaves":119,"minecraft:sand":1,"minecraft:oak_slab":40,"minecraft:crafting_table":7,"minecraft:birch_sign":3,"minecraft:white_bed":2,"minecraft:birch_fence":3,"minecraft:shears":154,"minecraft:lightning_rod":2,"minecraft:blue_stained_glass_pane":80,"minecraft:oak_log":146,"minecraft:diamond_pickaxe":6,"minecraft:apple":6,"minecraft:iron_pickaxe":86,"minecraft:birch_slab":10,"minecraft:stone_axe":247,"minecraft:blue_carpet":2,"minecraft:cobblestone":120,"minecraft:cooked_porkchop":24,"minecraft:cooked_rabbit":3,"minecraft:andesite":14,"minecraft:bucket":51,"minecraft:bone_meal":18,"minecraft:birch_stairs":20},"minecraft:picked_up":{"minecraft:charcoal":4,"minecraft:crafting_table":2,"minecraft:chicken":2,"minecraft:clay_ball":68,"minecraft:diamond_sword":1,"minecraft:wooden_pickaxe":4,"minecraft:cornflower":10,"minecraft:string":5,"minecraft:oak_trapdoor":10,"minecraft:raw_copper":55,"minecraft:iron_axe":2,"minecraft:flint_and_steel":1,"minecraft:birch_fence":1,"minecraft:blue_stained_glass_pane":8,"minecraft:beef":1,"minecraft:red_dye":1,"minecraft:poppy":1,"minecraft:light_gray_wool":1,"minecraft:minecart":2,"minecraft:birch_sapling":14,"minecraft:phantom_membrane":3,"minecraft:furnace":2,"minecraft:stick":88,"minecraft:raw_iron":59,"minecraft:oak_door":10,"minecraft:torch":37,"minecraft:porkchop":24,"minecraft:cherry_log":183,"minecraft:diorite":13,"minecraft:arrow":12,"minecraft:rotten_flesh":32,"minecraft:obsidian":19,"minecraft:mutton":16,"minecraft:birch_log":137,"minecraft:white_wool":21,"minecraft:soul_campfire":1,"minecraft:cobblestone":409,"minecraft:oxeye_daisy":2,"minecraft:pink_petals":1172,"minecraft:birch_leaves":6,"minecraft:andesite":14,"minecraft:cherry_leaves":4,"minecraft:birch_slab":3,"minecraft:salmon":5,"minecraft:leather":2,"minecraft:yellow_dye":6,"minecraft:potato":67,"minecraft:birch_planks":101,"minecraft:flint":2,"minecraft:oak_log":296,"minecraft:lapis_lazuli":5,"minecraft:dirt":1297,"minecraft:blue_bed":5,"minecraft:bone":6,"minecraft:apple":8,"minecraft:wheat_seeds":29,"minecraft:rabbit_hide":1,"minecraft:stone_pickaxe":2,"minecraft:rabbit":3,"minecraft:oak_planks":88,"minecraft:soul_sand":2,"minecraft:oak_slab":1,"minecraft:dandelion":10,"minecraft:dripstone_block":1,"minecraft:gravel":17,"minecraft:birch_stairs":1,"minecraft:sand":114,"minecraft:white_bed":1,"minecraft:diamond":1,"minecraft:stone_axe":2,"minecraft:birch_sign":2,"minecraft:granite":27,"minecraft:cherry_sapling":100,"minecraft:emerald":1,"minecraft:oak_sapling":61,"minecraft:oak_leaves":140,"minecraft:coal":134,"minecraft:pink_dye":60,"minecraft:diamond_pickaxe":2},"minecraft:crafted":{"minecraft:cherry_planks":104,"minecraft:oak_door":6,"minecraft:oak_planks":480,"minecraft:stone_shovel":3,"minecraft:iron_nugget":45,"minecraft:spyglass":1,"minecraft:pink_bed":1,"minecraft:cooked_chicken":1,"minecraft:lightning_rod":2,"minecraft:birch_slab":18,"minecraft:blue_stained_glass_pane":88,"minecraft:furnace":4,"minecraft:bone_meal":18,"minecraft:pink_dye":5,"minecraft:white_carpet":6,"minecraft:cooked_mutton":13,"minecraft:glass_pane":96,"minecraft:oak_trapdoor":24,"minecraft:glass":51,"minecraft:lantern":5,"minecraft:iron_boots":1,"minecraft:iron_axe":3,"minecraft:stone_pickaxe":5,"minecraft:chest":6,"minecraft:oak_fence":9,"minecraft:cooked_rabbit":3,"minecraft:birch_sign":3,"minecraft:cooked_beef":1,"minecraft:oak_slab":66,"minecraft:cooked_porkchop":24,"minecraft:crafting_table":5,"minecraft:iron_helmet":1,"minecraft:wooden_pickaxe":1,"minecraft:yellow_carpet":2,"minecraft:iron_sword":1,"minecraft:blue_bed":1,"minecraft:cooked_salmon":5,"minecraft:copper_ingot":6,"minecraft:birch_planks":548,"minecraft:bucket":1,"minecraft:stone_axe":2,"minecraft:air":0,"minecraft:blue_dye":15,"minecraft:yellow_dye":5,"minecraft:iron_chestplate":1,"minecraft:charcoal":22,"minecraft:shield":1,"minecraft:birch_fence":3,"minecraft:stick":32,"minecraft:iron_ingot":57,"minecraft:iron_pickaxe":1,"minecraft:iron_shovel":5,"minecraft:iron_leggings":1,"minecraft:white_bed":3,"minecraft:composter":3,"minecraft:torch":96,"minecraft:birch_stairs":24,"minecraft:shears":1,"minecraft:blue_carpet":2}},"DataVersion":3700}