{"stats":{"minecraft:mined":{"minecraft:white_bed":1,"minecraft:pink_bed":4,"minecraft:cherry_log":18,"minecraft:cobblestone_stairs":14,"minecraft:cherry_sapling":1,"minecraft:birch_fence_gate":1,"minecraft:grass_block":181,"minecraft:hay_block":11,"minecraft:carrots":4,"minecraft:iron_ore":30,"minecraft:pumpkin":11,"minecraft:deepslate_lapis_ore":2,"minecraft:potatoes":6,"minecraft:pointed_dripstone":14,"minecraft:deepslate_iron_ore":1,"minecraft:dirt_path":1,"minecraft:stone":431,"minecraft:deepslate_redstone_ore":6,"minecraft:dandelion":5,"minecraft:crafting_table":2,"minecraft:cornflower":1,"minecraft:torch":3,"minecraft:short_grass":191,"minecraft:poppy":1,"minecraft:chest":2,"minecraft:copper_ore":10,"minecraft:tall_grass":27,"minecraft:cobblestone":11,"minecraft:deepslate_gold_ore":3,"minecraft:sugar_cane":8,"minecraft:wall_torch":1,"minecraft:pink_petals":170,"minecraft:seagrass":1,"minecraft:birch_planks":7,"minecraft:birch_log":35,"minecraft:wheat":10,"minecraft:birch_leaves":5,"minecraft:bee_nest":1,"minecraft:coal_ore":59,"minecraft:oak_log":21,"minecraft:beetroots":1,"minecraft:gravel":14,"minecraft:cherry_leaves":97,"minecraft:dirt":137,"minecraft:sand":130,"minecraft:dripstone_block":4,"minecraft:gold_ore":1,"minecraft:oak_leaves":12,"minecraft:deepslate":8},"minecraft:used":{"minecraft:cherry_sapling":4,"minecraft:stone_sword":16,"minecraft:stone_shovel":131,"minecraft:chest":8,"minecraft:iron_sword":64,"minecraft:wooden_shovel":244,"minecraft:rotten_flesh":1,"minecraft:torch":53,"minecraft:dirt":208,"minecraft:cobblestone_wall":6,"minecraft:carrot":1,"minecraft:birch_door":2,"minecraft:glass":6,"minecraft:lava_bucket":1,"minecraft:iron_axe":28,"minecraft:cherry_leaves":54,"minecraft:furnace":3,"minecraft:oak_sapling":1,"minecraft:potato":4,"minecraft:pointed_dripstone":12,"minecraft:short_grass":36,"minecraft:cobblestone_stairs":99,"minecraft:birch_planks":27,"minecraft:stone_pickaxe":210,"minecraft:wooden_pickaxe":19,"minecraft:crafting_table":5,"minecraft:white_bed":3,"minecraft:shears":136,"minecraft:birch_fence":36,"minecraft:birch_fence_gate":1,"minecraft:bread":31,"minecraft:iron_pickaxe":409,"minecraft:stone_axe":136,"minecraft:pink_petals":1,"minecraft:pink_bed":5,"minecraft:cobblestone":178,"minecraft:white_banner":2,"minecraft:bucket":2},"minecraft:killed":{"minecraft:spider":1,"minecraft:horse":2,"minecraft:skeleton":3,"minecraft:bee":2,"minecraft:chicken":1,"minecraft:pig":5,"minecraft:creeper":1,"minecraft:sheep":4,"minecraft:zombie":3,"minecraft:cow":1},"minecraft:broken":{"minecraft:wooden_shovel":3,"minecraft:stone_pickaxe":1,"minecraft:iron_pickaxe":1,"minecraft:stone_shovel":1},"minecraft:crafted":{"minecraft:cherry_planks":36,"minecraft:oak_planks":84,"minecraft:stone_shovel":1,"minecraft:furnace":3,"minecraft:cobblestone_stairs":116,"minecraft:bone_meal":3,"minecraft:pink_dye":61,"minecraft:glass":56,"minecraft:iron_axe":1,"minecraft:birch_fence_gate":1,"minecraft:stone_pickaxe":2,"minecraft:cobblestone_wall":6,"minecraft:chest":6,"minecraft:birch_door":3,"minecraft:stone_hoe":1,"minecraft:wheat":90,"minecraft:white_banner":2,"minecraft:red_dye":1,"minecraft:wooden_shovel":4,"minecraft:crafting_table":4,"minecraft:wooden_pickaxe":2,"minecraft:iron_sword":1,"minecraft:bucket":1,"minecraft:birch_planks":136,"minecraft:stone_axe":1,"minecraft:bread":30,"minecraft:air":0,"minecraft:charcoal":9,"minecraft:white_dye":1,"minecraft:birch_fence":36,"minecraft:stick":112,"minecraft:iron_ingot":17,"minecraft:iron_pickaxe":2,"minecraft:stone_sword":1,"minecraft:white_bed":2,"minecraft:torch":68,"minecraft:shears":1},"minecraft:custom":{"minecraft:interact_with_smithing_table":3,"minecraft:mob_kills":23,"minecraft:interact_with_crafting_table":32,"minecraft:leave_game":2,"minecraft:time_since_death":138599,"minecraft:sprint_one_cm":269242,"minecraft:walk_one_cm":578664,"minecraft:drop":83,"minecraft:talked_to_villager":1,"minecraft:play_time":149456,"minecraft:deaths":1,"minecraft:sneak_time":2113,"minecraft:walk_under_water_one_cm":5247,"minecraft:jump":1388,"minecraft:walk_on_water_one_cm":11044,"minecraft:total_world_time":149456,"minecraft:interact_with_furnace":12,"minecraft:sleep_in_bed":13,"minecraft:time_since_rest":1163,"minecraft:damage_taken":1764,"minecraft:damage_dealt":3489,"minecraft:swim_one_cm":11976,"minecraft:fly_one_cm":70255,"minecraft:open_chest":32,"minecraft:crouch_one_cm":5619,"minecraft:fall_one_cm":32067},"minecraft:dropped":{"minecraft:bread":1,"minecraft:cornflower":1,"minecraft:mutton":1,"minecraft:red_dye":1,"minecraft:pink_petals":423,"minecraft:dandelion":5,"minecraft:pink_dye":48,"minecraft:poppy":1,"minecraft:wooden_shovel":1,"minecraft:glass":33,"minecraft:wooden_pickaxe":1},"minecraft:killed_by":{"minecraft:skeleton":1},"minecraft:picked_up":{"minecraft:crafting_table":2,"minecraft:chicken":1,"minecraft:wooden_pickaxe":4,"minecraft:cornflower":1,"minecraft:raw_copper":36,"minecraft:beetroot":1,"minecraft:cobbled_deepslate":8,"minecraft:beef":3,"minecraft:wooden_shovel":1,"minecraft:poppy":1,"minecraft:light_gray_wool":1,"minecraft:sugar_cane":13,"minecraft:chest":2,"minecraft:birch_sapling":2,"minecraft:raw_iron":32,"minecraft:stick":24,"minecraft:torch":4,"minecraft:porkchop":7,"minecraft:cherry_log":18,"minecraft:pointed_dripstone":28,"minecraft:carrot":7,"minecraft:redstone":28,"minecraft:stone_sword":2,"minecraft:rotten_flesh":3,"minecraft:beetroot_seeds":8,"minecraft:hay_block":10,"minecraft:mutton":7,"minecraft:cobblestone":490,"minecraft:white_wool":49,"minecraft:birch_log":34,"minecraft:pink_petals":599,"minecraft:feather":4,"minecraft:cherry_leaves":62,"minecraft:leather":4,"minecraft:potato":9,"minecraft:birch_planks":75,"minecraft:flint":1,"minecraft:oak_log":21,"minecraft:gunpowder":4,"minecraft:cobblestone_stairs":14,"minecraft:lapis_lazuli":16,"minecraft:dirt":338,"minecraft:bone":5,"minecraft:wheat_seeds":29,"minecraft:raw_gold":4,"minecraft:stone_pickaxe":1,"minecraft:iron_ingot":7,"minecraft:honeycomb":12,"minecraft:pink_bed":5,"minecraft:pumpkin":11,"minecraft:dandelion":5,"minecraft:gravel":13,"minecraft:dripstone_block":12,"minecraft:birch_fence_gate":1,"minecraft:sand":128,"minecraft:white_bed":1,"minecraft:short_grass":46,"minecraft:granite":1,"minecraft:cherry_sapling":19,"minecraft:bread":1,"minecraft:oak_sapling":1,"minecraft:coal":59}},"DataVersion":3700}